thai,parts,n_parts,cos_sum,cos_mean,rank,in_top5
พี่สาว,พี่+สาว,2,0.625419557094574,0.625419557094574,1,True
นิดหน่อย,นิด+หน่อย,2,0.7082840800285339,0.7082840800285339,1,True
ขอโทษ,ขอ+โทษ,2,0.42505109310150146,0.42505109310150146,1,True
ลาก่อน,ลา+ก่อน,2,0.38335925340652466,0.38335925340652466,1,True
สถานที่,สถาน+ที่,2,0.5748069882392883,0.5748069882392883,1,True
สนามบิน,สนาม+บิน,2,0.4256291091442108,0.4256291091442108,1,True
สวนสัตว์,สวน+สัตว์,2,0.49423831701278687,0.49423831701278687,1,True
สถานที่,สถาน+ที่,2,0.5748069882392883,0.5748069882392883,1,True
สนามบิน,สนาม+บิน,2,0.4256291091442108,0.4256291091442108,1,True
สวนสัตว์,สวน+สัตว์,2,0.49423831701278687,0.49423831701278687,1,True
สนามบิน,สนาม+บิน,2,0.4256291091442108,0.4256291091442108,1,True
สวนสัตว์,สวน+สัตว์,2,0.49423831701278687,0.49423831701278687,1,True
สถานที่,สถาน+ที่,2,0.5748069882392883,0.5748069882392883,1,True
รองเท้า,รอง+เท้า,2,0.31926724314689636,0.31926724314689636,1,True
แตงโม,แตง+โม,2,0.4420340955257416,0.4420340955257416,1,True
ขอโทษ,ขอ+โทษ,2,0.42505109310150146,0.42505109310150146,1,True
สักครู่,สัก+ครู่,2,0.4686295986175537,0.4686295986175537,1,True
แนะนำ,แนะ+นำ,2,0.3926095962524414,0.3926095962524414,1,True
เลี้ยวซ้าย,เลี้ยว+ซ้าย,2,0.5856292843818665,0.5856292843818665,1,True
ขวามือ,ขวา+มือ,2,0.4521944224834442,0.4521944224834442,1,True
อันนั้น,อัน+นั้น,2,0.4471639096736908,0.4471639096736908,1,True
ก่อสร้าง,ก่อ+สร้าง,2,0.4377879798412323,0.4377879798412323,1,True
เครื่องบิน,เครื่อง+บิน,2,0.4920898973941803,0.4920898973941803,1,True
ผู้โดยสาร,ผู้+โดยสาร,2,0.5336501598358154,0.5336501598358154,1,True
สิงหาคม,สิงหา+คม,2,0.5195354223251343,0.5195354223251343,1,True
ธันวาคม,ธันวา+คม,2,0.4991038143634796,0.4991038143634796,1,True
พระจันทร์,พระ+จันทร์,2,0.3939438760280609,0.3939438760280609,1,True
ภาคใต้,ภาค+ใต้,2,0.5249884128570557,0.5249884128570557,1,True
ชายหาด,ชาย+หาด,2,0.6172937154769897,0.6172937154769897,1,True
ความสุข,ความ+สุข,2,0.503031313419342,0.503031313419342,1,True
กรุงเทพ,กรุง+เทพ,2,0.28351283073425293,0.28351283073425293,1,True
ความหมาย,ความ+หมาย,2,0.3474040925502777,0.3474040925502777,1,True
พี่สาว,พี่+สาว,2,0.625419557094574,0.625419557094574,1,True
นิดหน่อย,นิด+หน่อย,2,0.7082840800285339,0.7082840800285339,1,True
ขอโทษ,ขอ+โทษ,2,0.42505109310150146,0.42505109310150146,1,True
ลาก่อน,ลา+ก่อน,2,0.38335925340652466,0.38335925340652466,1,True
สถานที่,สถาน+ที่,2,0.5748069882392883,0.5748069882392883,1,True
สนามบิน,สนาม+บิน,2,0.4256291091442108,0.4256291091442108,1,True
สวนสัตว์,สวน+สัตว์,2,0.49423831701278687,0.49423831701278687,1,True
รองเท้า,รอง+เท้า,2,0.31926724314689636,0.31926724314689636,1,True
กะหล่ำปลี,กะหล่ำ+ปลี,2,0.5797485709190369,0.5797485709190369,1,True
แตงโม,แตง+โม,2,0.4420340955257416,0.4420340955257416,1,True
รสชาติ,รส+ชาติ,2,0.40705376863479614,0.40705376863479614,1,True
เลี้ยวซ้าย,เลี้ยว+ซ้าย,2,0.5856292843818665,0.5856292843818665,1,True
ขวามือ,ขวา+มือ,2,0.4521944224834442,0.4521944224834442,1,True
อันนั้น,อัน+นั้น,2,0.4471639096736908,0.4471639096736908,1,True
ก่อสร้าง,ก่อ+สร้าง,2,0.4377879798412323,0.4377879798412323,1,True
เครื่องบิน,เครื่อง+บิน,2,0.4920898973941803,0.4920898973941803,1,True
ผู้โดยสาร,ผู้+โดยสาร,2,0.5336501598358154,0.5336501598358154,1,True
สิงหาคม,สิงหา+คม,2,0.5195354223251343,0.5195354223251343,1,True
ธันวาคม,ธันวา+คม,2,0.4991038143634796,0.4991038143634796,1,True
พระจันทร์,พระ+จันทร์,2,0.3939438760280609,0.3939438760280609,1,True
ภาคใต้,ภาค+ใต้,2,0.5249884128570557,0.5249884128570557,1,True
จนถึง,จน+ถึง,2,0.5122189521789551,0.5122189521789551,1,True
ความสุข,ความ+สุข,2,0.503031313419342,0.503031313419342,1,True
ชายหาด,ชาย+หาด,2,0.6172937154769897,0.6172937154769897,1,True
ผ้าเช็ดตัว,ผ้า+เช็ดตัว,2,0.5887583494186401,0.5887583494186401,1,True
สีแดง,สี+แดง,2,0.740095317363739,0.740095317363739,1,True
สีเหลือง,สี+เหลือง,2,0.7882905006408691,0.7882905006408691,1,True
สีชมพู,สี+ชมพู,2,0.7614977955818176,0.7614977955818176,1,True
สีเทา,สี+เทา,2,0.7767595648765564,0.7767595648765564,1,True
ถ่ายรูป,ถ่าย+รูป,2,0.5043732523918152,0.5043732523918152,1,True
ร้องไห้,ร้อง+ไห้,2,0.45583492517471313,0.45583492517471313,1,True
กลายเป็น,กลาย+เป็น,2,0.7898326516151428,0.7898326516151428,1,True
ต่อสู้,ต่อ+สู้,2,0.40872833132743835,0.40872833132743835,1,True
กระโดด,กระ+โดด,2,0.34318631887435913,0.34318631887435913,1,True
ยกเว้น,ยก+เว้น,2,0.3360346257686615,0.3360346257686615,1,True
น้องสาว,น้อง+สาว,2,0.6237965822219849,0.6237965822219849,2,True
พี่ชาย,พี่+ชาย,2,0.5939343571662903,0.5939343571662903,2,True
โรงแรม,โรง+แรม,2,0.2876487672328949,0.2876487672328949,2,True
ร้านอาหาร,ร้าน+อาหาร,2,0.6959320306777954,0.6959320306777954,2,True
สวนสนุก,สวน+สนุก,2,0.41355764865875244,0.41355764865875244,2,True
โรงแรม,โรง+แรม,2,0.2876487672328949,0.2876487672328949,2,True
ร้านอาหาร,ร้าน+อาหาร,2,0.6959320306777954,0.6959320306777954,2,True
สวนสนุก,สวน+สนุก,2,0.41355764865875244,0.41355764865875244,2,True
โรงแรม,โรง+แรม,2,0.2876487672328949,0.2876487672328949,2,True
ร้านอาหาร,ร้าน+อาหาร,2,0.6959320306777954,0.6959320306777954,2,True
สวนสนุก,สวน+สนุก,2,0.41355764865875244,0.41355764865875244,2,True
ถอนเงิน,ถอน+เงิน,2,0.7531559467315674,0.7531559467315674,2,True
แลกเงิน,แลก+เงิน,2,0.5364498496055603,0.5364498496055603,2,True
เงินสด,เงิน+สด,2,0.4878897964954376,0.4878897964954376,2,True
ผงซักฟอก,ผง+ซักฟอก,2,0.45941734313964844,0.45941734313964844,2,True
หน่อไม้,หน่อ+ไม้,2,0.4558514654636383,0.4558514654636383,2,True
ข้าวโพด,ข้าว+โพด,2,0.6312341690063477,0.6312341690063477,2,True
น้ำเปล่า,น้ำ+เปล่า,2,0.4958737790584564,0.4958737790584564,2,True
ทิศทาง,ทิศ+ทาง,2,0.5095479488372803,0.5095479488372803,2,True
ซ้ายมือ,ซ้าย+มือ,2,0.39473602175712585,0.39473602175712585,2,True
ท่าเรือ,ท่า+เรือ,2,0.48062238097190857,0.48062238097190857,2,True
ทางลัด,ทาง+ลัด,2,0.33890074491500854,0.33890074491500854,2,True
ข้ามถนน,ข้าม+ถนน,2,0.5597851872444153,0.5597851872444153,2,True
น้ำท่วม,น้ำ+ท่วม,2,0.5960953235626221,0.5960953235626221,2,True
ชั่วโมง,ชั่ว+โมง,2,0.5019528269767761,0.5019528269767761,2,True
เมื่อวาน,เมื่อ+วาน,2,0.5341101884841919,0.5341101884841919,2,True
ทุกวัน,ทุก+วัน,2,0.5466164946556091,0.5466164946556091,2,True
ทำงาน,ทำ+งาน,2,0.4535171389579773,0.4535171389579773,2,True
รถตู้,รถ+ตู้,2,0.5428987741470337,0.5428987741470337,2,True
รถเครื่อง,รถ+เครื่อง,2,0.5504631400108337,0.5504631400108337,2,True
วันพระ,วัน+พระ,2,0.524476170539856,0.524476170539856,2,True
วันสงกรานต์,วัน+สงกรานต์,2,0.6194973587989807,0.6194973587989807,2,True
ตอนเช้า,ตอน+เช้า,2,0.6199699640274048,0.6199699640274048,2,True
ตอนบ่าย,ตอน+บ่าย,2,0.6736873984336853,0.6736873984336853,2,True
ตอนเย็น,ตอน+เย็น,2,0.5737286806106567,0.5737286806106567,2,True
ฝนตก,ฝน+ตก,2,0.7411285042762756,0.7411285042762756,2,True
ฟ้าร้อง,ฟ้า+ร้อง,2,0.3785991370677948,0.3785991370677948,2,True
เมฆมาก,เมฆ+มาก,2,0.4255813658237457,0.4255813658237457,2,True
เพราะว่า,เพราะ+ว่า,2,0.6573130488395691,0.6573130488395691,2,True
ว่ายน้ำ,ว่าย+น้ำ,2,0.5419972538948059,0.5419972538948059,2,True
เพิ่งจะ,เพิ่ง+จะ,2,0.652798593044281,0.652798593044281,2,True
ผู้คน,ผู้+คน,2,0.5424391031265259,0.5424391031265259,2,True
น่ารัก,น่า+รัก,2,0.4582671523094177,0.4582671523094177,2,True
น้องสาว,น้อง+สาว,2,0.6237965822219849,0.6237965822219849,2,True
พี่ชาย,พี่+ชาย,2,0.5939343571662903,0.5939343571662903,2,True
โรงแรม,โรง+แรม,2,0.2876487672328949,0.2876487672328949,2,True
ร้านอาหาร,ร้าน+อาหาร,2,0.6959320306777954,0.6959320306777954,2,True
สวนสนุก,สวน+สนุก,2,0.41355764865875244,0.41355764865875244,2,True
ปั๊มน้ำมัน,ปั๊ม+น้ำมัน,2,0.43392452597618103,0.43392452597618103,2,True
ถอนเงิน,ถอน+เงิน,2,0.7531559467315674,0.7531559467315674,2,True
เงินสด,เงิน+สด,2,0.4878897964954376,0.4878897964954376,2,True
ผงซักฟอก,ผง+ซักฟอก,2,0.45941734313964844,0.45941734313964844,2,True
หน่อไม้,หน่อ+ไม้,2,0.4558514654636383,0.4558514654636383,2,True
ข้าวโพด,ข้าว+โพด,2,0.6312341690063477,0.6312341690063477,2,True
น้ำเปล่า,น้ำ+เปล่า,2,0.4958737790584564,0.4958737790584564,2,True
พริกป่น,พริก+ป่น,2,0.6623355150222778,0.6623355150222778,2,True
ช่วงนี้,ช่วง+นี้,2,0.5441591739654541,0.5441591739654541,2,True
ทิศทาง,ทิศ+ทาง,2,0.5095479488372803,0.5095479488372803,2,True
ซ้ายมือ,ซ้าย+มือ,2,0.39473602175712585,0.39473602175712585,2,True
ข้ามถนน,ข้าม+ถนน,2,0.5597851872444153,0.5597851872444153,2,True
ทางลัด,ทาง+ลัด,2,0.33890074491500854,0.33890074491500854,2,True
น้ำท่วม,น้ำ+ท่วม,2,0.5960953235626221,0.5960953235626221,2,True
ชั่วโมง,ชั่ว+โมง,2,0.5019528269767761,0.5019528269767761,2,True
ทุกวัน,ทุก+วัน,2,0.5466164946556091,0.5466164946556091,2,True
ทำงาน,ทำ+งาน,2,0.4535171389579773,0.4535171389579773,2,True
รถตู้,รถ+ตู้,2,0.5428987741470337,0.5428987741470337,2,True
รถเครื่อง,รถ+เครื่อง,2,0.5504631400108337,0.5504631400108337,2,True
เมื่อวาน,เมื่อ+วาน,2,0.5341101884841919,0.5341101884841919,2,True
วันพระ,วัน+พระ,2,0.524476170539856,0.524476170539856,2,True
วันสงกรานต์,วัน+สงกรานต์,2,0.6194973587989807,0.6194973587989807,2,True
ตอนเช้า,ตอน+เช้า,2,0.6199699640274048,0.6199699640274048,2,True
ตอนบ่าย,ตอน+บ่าย,2,0.6736873984336853,0.6736873984336853,2,True
ตอนเย็น,ตอน+เย็น,2,0.5737286806106567,0.5737286806106567,2,True
ฝนตก,ฝน+ตก,2,0.7411285042762756,0.7411285042762756,2,True
ฟ้าร้อง,ฟ้า+ร้อง,2,0.3785991370677948,0.3785991370677948,2,True
เมฆมาก,เมฆ+มาก,2,0.4255813658237457,0.4255813658237457,2,True
เพิ่งจะ,เพิ่ง+จะ,2,0.652798593044281,0.652798593044281,2,True
น่ารัก,น่า+รัก,2,0.4582671523094177,0.4582671523094177,2,True
เพราะว่า,เพราะ+ว่า,2,0.6573130488395691,0.6573130488395691,2,True
คนเดียว,คน+เดียว,2,0.580733597278595,0.580733597278595,2,True
สีม่วง,สี+ม่วง,2,0.6975245475769043,0.6975245475769043,2,True
สีน้ำเงิน,สี+น้ำเงิน,2,0.736941933631897,0.736941933631897,2,True
โชคดี,โชค+ดี,2,0.4741602838039398,0.4741602838039398,2,True
ทำสวน,ทำ+สวน,2,0.5658918619155884,0.5658918619155884,2,True
ว่ายน้ำ,ว่าย+น้ำ,2,0.5419972538948059,0.5419972538948059,2,True
ร้านกาแฟ,ร้าน+กาแฟ,2,0.656079113483429,0.656079113483429,2,True
ภาษาไทย,ภาษา+ไทย,2,0.5724884271621704,0.5724884271621704,2,True
ทำผิด,ทำ+ผิด,2,0.5058996081352234,0.5058996081352234,2,True
ออกจาก,ออก+จาก,2,0.5563342571258545,0.5563342571258545,2,True
วางแผน,วาง+แผน,2,0.473798930644989,0.473798930644989,2,True
ร้องเพลง,ร้อง+เพลง,2,0.6103357076644897,0.6103357076644897,2,True
ได้รับ,ได้+รับ,2,0.3708285093307495,0.3708285093307495,2,True
เกี่ยวกับ,เกี่ยว+กับ,2,0.4343944787979126,0.4343944787979126,2,True
น้องชาย,น้อง+ชาย,2,0.6027989983558655,0.6027989983558655,3,True
มาจาก,มา+จาก,2,0.5786689519882202,0.5786689519882202,3,True
เวียดนาม,เวียด+นาม,2,0.2926815152168274,0.2926815152168274,3,True
มีน้ำใจ,มี+น้ำใจ,2,0.5289243459701538,0.5289243459701538,3,True
ชื่อเล่น,ชื่อ+เล่น,2,0.37759408354759216,0.37759408354759216,3,True
ที่ไหน,ที่+ไหน,2,0.45842015743255615,0.45842015743255615,3,True
อะไร,อะ+ไร,2,0.3139401972293854,0.3139401972293854,3,True
ห้องน้ำ,ห้อง+น้ำ,2,0.6358779668807983,0.6358779668807983,3,True
ห้องน้ำ,ห้อง+น้ำ,2,0.6358779668807983,0.6358779668807983,3,True
ที่ไหน,ที่+ไหน,2,0.45842015743255615,0.45842015743255615,3,True
มาจาก,มา+จาก,2,0.5786689519882202,0.5786689519882202,3,True
ห้องน้ำ,ห้อง+น้ำ,2,0.6358779668807983,0.6358779668807983,3,True
ที่ไหน,ที่+ไหน,2,0.45842015743255615,0.45842015743255615,3,True
ชื่อเล่น,ชื่อ+เล่น,2,0.37759408354759216,0.37759408354759216,3,True
มาจาก,มา+จาก,2,0.5786689519882202,0.5786689519882202,3,True
เท่าไร,เท่า+ไร,2,0.2612171471118927,0.2612171471118927,3,True
กาแฟร้อน,กาแฟ+ร้อน,2,0.6126459836959839,0.6126459836959839,3,True
รสจัด,รส+จัด,2,0.2896275818347931,0.2896275818347931,3,True
น้ำตาล,น้ำ+ตาล,2,0.43471598625183105,0.43471598625183105,3,True
ที่นั่ง,ที่+นั่ง,2,0.4547901153564453,0.4547901153564453,3,True
บัตรเครดิต,บัตร+เครดิต,2,0.6208968758583069,0.6208968758583069,3,True
วงเวียน,วง+เวียน,2,0.20702660083770752,0.20702660083770752,3,True
อันนี้,อัน+นี้,2,0.33285146951675415,0.33285146951675415,3,True
วันนี้,วัน+นี้,2,0.4990028142929077,0.4990028142929077,3,True
บ่ายโมง,บ่าย+โมง,2,0.6791803240776062,0.6791803240776062,3,True
เจอกัน,เจอ+กัน,2,0.6090486645698547,0.6090486645698547,3,True
รถบัส,รถ+บัส,2,0.5136225819587708,0.5136225819587708,3,True
วันที่,วัน+ที่,2,0.5100305080413818,0.5100305080413818,3,True
วันทำงาน,วัน+ทำงาน,2,0.5311233997344971,0.5311233997344971,3,True
ฤดูหนาว,ฤดู+หนาว,2,0.6812198758125305,0.6812198758125305,3,True
ตุลาคม,ตุลา+คม,2,0.5236406326293945,0.5236406326293945,3,True
กำลังจะ,กำลัง+จะ,2,0.5702537894248962,0.5702537894248962,3,True
น้องชาย,น้อง+ชาย,2,0.6027989983558655,0.6027989983558655,3,True
ชื่อเล่น,ชื่อ+เล่น,2,0.37759408354759216,0.37759408354759216,3,True
ที่ไหน,ที่+ไหน,2,0.45842015743255615,0.45842015743255615,3,True
มาจาก,มา+จาก,2,0.5786689519882202,0.5786689519882202,3,True
อะไร,อะ+ไร,2,0.3139401972293854,0.3139401972293854,3,True
เวียดนาม,เวียด+นาม,2,0.2926815152168274,0.2926815152168274,3,True
ห้องน้ำ,ห้อง+น้ำ,2,0.6358779668807983,0.6358779668807983,3,True
เท่าไร,เท่า+ไร,2,0.2612171471118927,0.2612171471118927,3,True
กาแฟร้อน,กาแฟ+ร้อน,2,0.6126459836959839,0.6126459836959839,3,True
รสจัด,รส+จัด,2,0.2896275818347931,0.2896275818347931,3,True
น้ำตาล,น้ำ+ตาล,2,0.43471598625183105,0.43471598625183105,3,True
ที่นั่ง,ที่+นั่ง,2,0.4547901153564453,0.4547901153564453,3,True
บัตรเครดิต,บัตร+เครดิต,2,0.6208968758583069,0.6208968758583069,3,True
วงเวียน,วง+เวียน,2,0.20702660083770752,0.20702660083770752,3,True
อันนี้,อัน+นี้,2,0.33285146951675415,0.33285146951675415,3,True
บ่ายโมง,บ่าย+โมง,2,0.6791803240776062,0.6791803240776062,3,True
วันนี้,วัน+นี้,2,0.4990028142929077,0.4990028142929077,3,True
เจอกัน,เจอ+กัน,2,0.6090486645698547,0.6090486645698547,3,True
รถบัส,รถ+บัส,2,0.5136225819587708,0.5136225819587708,3,True
วันที่,วัน+ที่,2,0.5100305080413818,0.5100305080413818,3,True
วันทำงาน,วัน+ทำงาน,2,0.5311233997344971,0.5311233997344971,3,True
ฤดูหนาว,ฤดู+หนาว,2,0.6812198758125305,0.6812198758125305,3,True
ตุลาคม,ตุลา+คม,2,0.5236406326293945,0.5236406326293945,3,True
กำลังจะ,กำลัง+จะ,2,0.5702537894248962,0.5702537894248962,3,True
อาหารเย็น,อาหาร+เย็น,2,0.590547502040863,0.590547502040863,3,True
สระว่ายน้ำ,สระ+ว่ายน้ำ,2,0.6406219601631165,0.6406219601631165,3,True
แผนที่,แผน+ที่,2,0.29048576951026917,0.29048576951026917,3,True
เตียงเดี่ยว,เตียง+เดี่ยว,2,0.4960670471191406,0.4960670471191406,3,True
เตียงคู่,เตียง+คู่,2,0.4915161430835724,0.4915161430835724,3,True
สีส้ม,สี+ส้ม,2,0.7141594886779785,0.7141594886779785,3,True
สีน้ำตาล,สี+น้ำตาล,2,0.655381441116333,0.655381441116333,3,True
ฟังเพลง,ฟัง+เพลง,2,0.6104453802108765,0.6104453802108765,3,True
เดินป่า,เดิน+ป่า,2,0.45387884974479675,0.45387884974479675,3,True
ทำอาหาร,ทำ+อาหาร,2,0.6070553064346313,0.6070553064346313,3,True
ตกปลา,ตก+ปลา,2,0.42673414945602417,0.42673414945602417,3,True
เวลาว่าง,เวลา+ว่าง,2,0.5161997675895691,0.5161997675895691,3,True
ไม่ค่อย,ไม่+ค่อย,2,0.5781993269920349,0.5781993269920349,3,True
มากกว่า,มาก+กว่า,2,0.6565880179405212,0.6565880179405212,3,True
ประเทศ,ประ+เทศ,2,0.2090499848127365,0.2090499848127365,4,True
ถุงเท้า,ถุง+เท้า,2,0.42509013414382935,0.42509013414382935,4,True
มะเขือ,มะ+เขือ,2,0.31282228231430054,0.31282228231430054,4,True
ส้มโอ,ส้ม+โอ,2,0.3986373543739319,0.3986373543739319,4,True
กาแฟเย็น,กาแฟ+เย็น,2,0.565638542175293,0.565638542175293,4,True
เลี้ยวขวา,เลี้ยว+ขวา,2,0.5780783295631409,0.5780783295631409,4,True
ตรงข้าม,ตรง+ข้าม,2,0.33536210656166077,0.33536210656166077,4,True
รถติด,รถ+ติด,2,0.42980948090553284,0.42980948090553284,4,True
เที่ยงคืน,เที่ยง+คืน,2,0.48712286353111267,0.48712286353111267,4,True
ฤดูฝน,ฤดู+ฝน,2,0.6710156798362732,0.6710156798362732,4,True
กุมภาพันธ์,กุมภา+พันธ์,2,0.451923131942749,0.451923131942749,4,True
ด้วยกัน,ด้วย+กัน,2,0.40047380328178406,0.40047380328178406,4,True
ประเทศ,ประ+เทศ,2,0.2090499848127365,0.2090499848127365,4,True
ถุงเท้า,ถุง+เท้า,2,0.42509013414382935,0.42509013414382935,4,True
มะเขือ,มะ+เขือ,2,0.31282228231430054,0.31282228231430054,4,True
ส้มโอ,ส้ม+โอ,2,0.3986373543739319,0.3986373543739319,4,True
กาแฟเย็น,กาแฟ+เย็น,2,0.565638542175293,0.565638542175293,4,True
เลี้ยวขวา,เลี้ยว+ขวา,2,0.5780783295631409,0.5780783295631409,4,True
ตรงข้าม,ตรง+ข้าม,2,0.33536210656166077,0.33536210656166077,4,True
รถติด,รถ+ติด,2,0.42980948090553284,0.42980948090553284,4,True
เที่ยงคืน,เที่ยง+คืน,2,0.48712286353111267,0.48712286353111267,4,True
คนขับ,คน+ขับ,2,0.41797810792922974,0.41797810792922974,4,True
ฤดูฝน,ฤดู+ฝน,2,0.6710156798362732,0.6710156798362732,4,True
กุมภาพันธ์,กุมภา+พันธ์,2,0.451923131942749,0.451923131942749,4,True
ด้วยกัน,ด้วย+กัน,2,0.40047380328178406,0.40047380328178406,4,True
ฝากเงิน,ฝาก+เงิน,2,0.4714556634426117,0.4714556634426117,5,True
พ่อค้า,พ่อ+ค้า,2,0.44101792573928833,0.44101792573928833,5,True
มะม่วง,มะ+ม่วง,2,0.3425494134426117,0.3425494134426117,5,True
วันอาทิตย์,วัน+อาทิตย์,2,0.5062453150749207,0.5062453150749207,5,True
ฤดูร้อน,ฤดู+ร้อน,2,0.5521217584609985,0.5521217584609985,5,True
กำลัง,กำ+ลัง,2,0.2056034505367279,0.2056034505367279,5,True
ก็ดี,ก็+ดี,2,0.5207259058952332,0.5207259058952332,5,True
น้ำใจ,น้ำ+ใจ,2,0.37573838233947754,0.37573838233947754,5,True
ฝากเงิน,ฝาก+เงิน,2,0.4714556634426117,0.4714556634426117,5,True
พ่อค้า,พ่อ+ค้า,2,0.44101792573928833,0.44101792573928833,5,True
มะม่วง,มะ+ม่วง,2,0.3425494134426117,0.3425494134426117,5,True
วันอาทิตย์,วัน+อาทิตย์,2,0.5062453150749207,0.5062453150749207,5,True
ฤดูร้อน,ฤดู+ร้อน,2,0.5521217584609985,0.5521217584609985,5,True
กำลัง,กำ+ลัง,2,0.2056034505367279,0.2056034505367279,5,True
เดินทาง,เดิน+ทาง,2,0.44405853748321533,0.44405853748321533,5,True
ตัวเอง,ตัว+เอง,2,0.3334174156188965,0.3334174156188965,5,True
เล็กน้อย,เล็ก+น้อย,2,0.29622259736061096,0.29622259736061096,6,False
ผลไม้,ผล+ไม้,2,0.32472702860832214,0.32472702860832214,6,False
น้ำแข็ง,น้ำ+แข็ง,2,0.4250369668006897,0.4250369668006897,6,False
ผลไม้,ผล+ไม้,2,0.32472702860832214,0.32472702860832214,6,False
น้ำแข็ง,น้ำ+แข็ง,2,0.4250369668006897,0.4250369668006897,6,False
ภูเขา,ภู+เขา,2,0.405890554189682,0.405890554189682,7,False
ภูเขา,ภู+เขา,2,0.405890554189682,0.405890554189682,7,False
ภูเขา,ภู+เขา,2,0.405890554189682,0.405890554189682,7,False
แม่ค้า,แม่+ค้า,2,0.3659842908382416,0.3659842908382416,7,False
ชาเขียว,ชา+เขียว,2,0.4059317111968994,0.4059317111968994,7,False
เกินไป,เกิน+ไป,2,0.34332749247550964,0.34332749247550964,7,False
เครื่องดื่ม,เครื่อง+ดื่ม,2,0.46240267157554626,0.46240267157554626,7,False
เกรงใจ,เกรง+ใจ,2,0.37190911173820496,0.37190911173820496,7,False
ภูเขา,ภู+เขา,2,0.405890554189682,0.405890554189682,7,False
แม่ค้า,แม่+ค้า,2,0.3659842908382416,0.3659842908382416,7,False
เครื่องดื่ม,เครื่อง+ดื่ม,2,0.46240267157554626,0.46240267157554626,7,False
ชาเขียว,ชา+เขียว,2,0.4059317111968994,0.4059317111968994,7,False
เกินไป,เกิน+ไป,2,0.34332749247550964,0.34332749247550964,7,False
เงินทอน,เงิน+ทอน,2,0.332637220621109,0.332637220621109,8,False
อย่างไร,อย่าง+ไร,2,0.27388232946395874,0.27388232946395874,8,False
ดิฉัน,ดิ+ฉัน,2,0.3596217632293701,0.3596217632293701,8,False
ช่วยด้วย,ช่วย+ด้วย,2,0.26217469573020935,0.26217469573020935,8,False
ตีสอง,ตี+สอง,2,0.42686086893081665,0.42686086893081665,8,False
เงินทอน,เงิน+ทอน,2,0.332637220621109,0.332637220621109,8,False
อยากได้,อยาก+ได้,2,0.4314163029193878,0.4314163029193878,8,False
ตีสอง,ตี+สอง,2,0.42686086893081665,0.42686086893081665,8,False
บางครั้ง,บาง+ครั้ง,2,0.24203386902809143,0.24203386902809143,8,False
พูดเล่น,พูด+เล่น,2,0.4405376613140106,0.4405376613140106,8,False
ที่นี่,ที่+นี่,2,0.4086783230304718,0.4086783230304718,9,False
เที่ยงวัน,เที่ยง+วัน,2,0.5007554292678833,0.5007554292678833,9,False
รถสองแถว,รถ+สอง+แถว,3,0.40376150608062744,0.40376147627830505,9,False
อาบแดด,อาบ+แดด,2,0.39198341965675354,0.39198341965675354,9,False
ที่นี่,ที่+นี่,2,0.4086783230304718,0.4086783230304718,9,False
เที่ยงวัน,เที่ยง+วัน,2,0.5007554292678833,0.5007554292678833,9,False
รถสองแถว,รถ+สอง+แถว,3,0.40376150608062744,0.40376147627830505,9,False
อาบแดด,อาบ+แดด,2,0.39198341965675354,0.39198341965675354,9,False
สบายดี,สบาย+ดี,2,0.3794346749782562,0.3794346749782562,10,False
สบายดี,สบาย+ดี,2,0.3794346749782562,0.3794346749782562,10,False
เครื่องเทศ,เครื่อง+เทศ,2,0.20895487070083618,0.20895487070083618,10,False
มะเขือเทศ,มะเขือ+เทศ,2,0.3794604241847992,0.3794604241847992,10,False
น้ำอัดลม,น้ำ+อัดลม,2,0.353518009185791,0.353518009185791,10,False
ประเภท,ประ+เภท,2,0.12404260784387589,0.12404260784387589,10,False
พัดลม,พัด+ลม,2,0.3395359218120575,0.3395359218120575,10,False
ถูกต้อง,ถูก+ต้อง,2,0.32603341341018677,0.32603341341018677,10,False
สบายดี,สบาย+ดี,2,0.3794346749782562,0.3794346749782562,10,False
เครื่องเทศ,เครื่อง+เทศ,2,0.20895487070083618,0.20895487070083618,10,False
มะเขือเทศ,มะเขือ+เทศ,2,0.3794604241847992,0.3794604241847992,10,False
น้ำอัดลม,น้ำ+อัดลม,2,0.353518009185791,0.353518009185791,10,False
สี่แยก,สี่+แยก,2,0.3526609539985657,0.3526609539985657,10,False
พัดลม,พัด+ลม,2,0.3395359218120575,0.3395359218120575,10,False
แตงกวา,แตง+กวา,2,0.2314225733280182,0.2314225733280182,11,False
มีนาคม,มีนา+คม,2,0.3911572992801666,0.3911572992801666,11,False
แตงกวา,แตง+กวา,2,0.2314225733280182,0.2314225733280182,11,False
มีนาคม,มีนา+คม,2,0.3911572992801666,0.3911572992801666,11,False
ตกใจ,ตก+ใจ,2,0.3137296140193939,0.3137296140193939,11,False
ต้องการ,ต้อง+การ,2,0.3275368809700012,0.3275368809700012,11,False
น้ำตก,น้ำ+ตก,2,0.33671140670776367,0.33671140670776367,12,False
น้ำตก,น้ำ+ตก,2,0.33671140670776367,0.33671140670776367,12,False
น้ำตก,น้ำ+ตก,2,0.33671140670776367,0.33671140670776367,12,False
ตีสาม,ตี+สาม,2,0.3754022717475891,0.3754022717475891,12,False
จักรยาน,จักร+ยาน,2,0.1618930548429489,0.1618930548429489,12,False
วันหยุด,วัน+หยุด,2,0.40880802273750305,0.40880802273750305,12,False
น้ำตก,น้ำ+ตก,2,0.33671140670776367,0.33671140670776367,12,False
ตีสาม,ตี+สาม,2,0.3754022717475891,0.3754022717475891,12,False
จักรยาน,จักร+ยาน,2,0.1618930548429489,0.1618930548429489,12,False
วันหยุด,วัน+หยุด,2,0.40880802273750305,0.40880802273750305,12,False
ไม่เป็นไร,ไม่+เป็นไร,2,0.4536970555782318,0.4536970555782318,13,False
ไม่เป็นไร,ไม่+เป็นไร,2,0.4536970555782318,0.4536970555782318,13,False
ไม่เป็นไร,ไม่+เป็นไร,2,0.4536970555782318,0.4536970555782318,13,False
พระอาทิตย์,พระ+อาทิตย์,2,0.291904091835022,0.291904091835022,13,False
ไม่เป็นไร,ไม่+เป็นไร,2,0.4536970555782318,0.4536970555782318,13,False
พระอาทิตย์,พระ+อาทิตย์,2,0.291904091835022,0.291904091835022,13,False
ตีห้า,ตี+ห้า,2,0.3646987974643707,0.3646987974643707,14,False
ตีห้า,ตี+ห้า,2,0.3646987974643707,0.3646987974643707,14,False
ของหวาน,ของ+หวาน,2,0.27939361333847046,0.27939361333847046,15,False
ของหวาน,ของ+หวาน,2,0.27939361333847046,0.27939361333847046,15,False
กระเทียม,กระ+เทียม,2,0.19693055748939514,0.19693055748939514,16,False
น้ำปลา,น้ำ+ปลา,2,0.4053124785423279,0.4053124785423279,16,False
พรุ่งนี้,พรุ่ง+นี้,2,0.22861528396606445,0.22861528396606445,16,False
กลางคืน,กลาง+คืน,2,0.21301662921905518,0.21301662921905518,16,False
กระเทียม,กระ+เทียม,2,0.19693055748939514,0.19693055748939514,16,False
น้ำปลา,น้ำ+ปลา,2,0.4053124785423279,0.4053124785423279,16,False
พรุ่งนี้,พรุ่ง+นี้,2,0.22861528396606445,0.22861528396606445,16,False
กลางคืน,กลาง+คืน,2,0.21301662921905518,0.21301662921905518,16,False
มะนาว,มะ+นาว,2,0.23060916364192963,0.23060916364192963,17,False
ตีหนึ่ง,ตี+หนึ่ง,2,0.2674860954284668,0.2674860954284668,17,False
มะนาว,มะ+นาว,2,0.23060916364192963,0.23060916364192963,17,False
ตีหนึ่ง,ตี+หนึ่ง,2,0.2674860954284668,0.2674860954284668,17,False
สามแยก,สาม+แยก,2,0.2306884378194809,0.2306884378194809,18,False
สามแยก,สาม+แยก,2,0.2306884378194809,0.2306884378194809,18,False
แน่นอน,แน่+นอน,2,0.3608916103839874,0.3608916103839874,18,False
สะพาน,สะ+พาน,2,0.18763947486877441,0.18763947486877441,21,False
สะพาน,สะ+พาน,2,0.18763947486877441,0.18763947486877441,21,False
สนใจ,สน+ใจ,2,0.23344118893146515,0.23344118893146515,22,False
รถไฟ,รถ+ไฟ,2,0.2606133818626404,0.2606133818626404,23,False
รถไฟ,รถ+ไฟ,2,0.2606133818626404,0.2606133818626404,23,False
ที่นั่น,ที่+นั่น,2,0.26358452439308167,0.26358452439308167,23,False
รถไฟ,รถ+ไฟ,2,0.2606133818626404,0.2606133818626404,23,False
รถไฟ,รถ+ไฟ,2,0.2606133818626404,0.2606133818626404,23,False
มะละกอ,มะ+ละ+กอ,3,0.2095365673303604,0.2095365971326828,24,False
ทั้งหมด,ทั้ง+หมด,2,0.20812758803367615,0.20812758803367615,24,False
มะละกอ,มะ+ละ+กอ,3,0.2095365673303604,0.2095365971326828,24,False
ทั้งหมด,ทั้ง+หมด,2,0.20812758803367615,0.20812758803367615,24,False
กลางวัน,กลาง+วัน,2,0.3119805157184601,0.3119805157184601,25,False
กลางวัน,กลาง+วัน,2,0.3119805157184601,0.3119805157184601,25,False
เป็นมิตร,เป็น+มิตร,2,0.1558140516281128,0.1558140516281128,28,False
เป็นมิตร,เป็น+มิตร,2,0.1558140516281128,0.1558140516281128,28,False
หน้าต่าง,หน้า+ต่าง,2,0.1679467409849167,0.1679467409849167,31,False
ไว้ใจ,ไว้+ใจ,2,0.22224587202072144,0.22224587202072144,40,False
หัวเราะ,หัว+เราะ,2,0.14283443987369537,0.14283443987369537,43,False
ขอบใจ,ขอบ+ใจ,2,0.18979573249816895,0.18979573249816895,45,False
ขอบใจ,ขอบ+ใจ,2,0.18979573249816895,0.18979573249816895,45,False
อาหารแห้ง,อาหาร+แห้ง,2,0.36336132884025574,0.36336132884025574,46,False
อาหารแห้ง,อาหาร+แห้ง,2,0.36336132884025574,0.36336132884025574,46,False
ประตู,ประ+ตู,2,0.07714235037565231,0.07714235037565231,49,False
ประตู,ประ+ตู,2,0.07714235037565231,0.07714235037565231,49,False
ทางตัน,ทาง+ตัน,2,0.08426961302757263,0.08426961302757263,52,False
ทางตัน,ทาง+ตัน,2,0.08426961302757263,0.08426961302757263,52,False
ลำไย,ลำ+ไย,2,0.15674468874931335,0.15674468874931335,58,False
ลำไย,ลำ+ไย,2,0.15674468874931335,0.15674468874931335,58,False
ที่แล้ว,ที่+แล้ว,2,0.22461862862110138,0.22461862862110138,62,False
ที่แล้ว,ที่+แล้ว,2,0.22461862862110138,0.22461862862110138,62,False
ชมพู่,ชม+พู่,2,0.16187046468257904,0.16187046468257904,65,False
ชมพู่,ชม+พู่,2,0.16187046468257904,0.16187046468257904,65,False
เข้าใจ,เข้า+ใจ,2,0.17032091319561005,0.17032091319561005,79,False
เข้าใจ,เข้า+ใจ,2,0.17032091319561005,0.17032091319561005,79,False
สับปะรด,สับ+ปะ+รด,3,0.13827794790267944,0.13827793300151825,81,False
สับปะรด,สับ+ปะ+รด,3,0.13827794790267944,0.13827793300151825,81,False
นาที,นา+ที,2,0.07553530484437943,0.07553530484437943,82,False
นาที,นา+ที,2,0.07553530484437943,0.07553530484437943,82,False
มันฝรั่ง,มัน+ฝรั่ง,2,0.259579598903656,0.259579598903656,83,False
แขวน,แข+วน,2,0.07940530776977539,0.07940530776977539,86,False
ตั้งแต่,ตั้ง+แต่,2,0.1748274862766266,0.1748274862766266,110,False
คะน้า,คะ+น้า,2,0.18614287674427032,0.18614287674427032,115,False
คะน้า,คะ+น้า,2,0.18614287674427032,0.18614287674427032,115,False
โกหก,โก+หก,2,0.07892211526632309,0.07892211526632309,130,False
ครอบครัว,ครอบ+ครัว,2,0.09299848228693008,0.09299848228693008,136,False
ครอบครัว,ครอบ+ครัว,2,0.09299848228693008,0.09299848228693008,136,False
ดำน้ำ,ดำ+น้ำ,2,0.1479519009590149,0.1479519009590149,143,False
แท็กซี่,แท็ก+ซี่,2,0.05386483669281006,0.05386483669281006,147,False
แท็กซี่,แท็ก+ซี่,2,0.05386483669281006,0.05386483669281006,147,False
อาหาร,อา+หาร,2,0.037939831614494324,0.037939831614494324,152,False
อาหาร,อา+หาร,2,0.037939831614494324,0.037939831614494324,152,False
แสดง,แส+ดง,2,0.04576129466295242,0.04576129466295242,177,False
เหล้า,เห+ล้า,2,0.06048088148236275,0.06048088148236275,184,False
พายุ,พา+ยุ,2,0.05805136263370514,0.05805136263370514,184,False
เหล้า,เห+ล้า,2,0.06048088148236275,0.06048088148236275,184,False
พายุ,พา+ยุ,2,0.05805136263370514,0.05805136263370514,184,False
ดำเนิน,ดำ+เนิน,2,0.060906484723091125,0.060906484723091125,206,False
ลิ้นจี่,ลิ้น+จี่,2,0.09879914671182632,0.09879914671182632,215,False
ขอบคุณ,ขอบ+คุณ,2,0.058082591742277145,0.058082591742277145,296,False
ขอบคุณ,ขอบ+คุณ,2,0.058082591742277145,0.058082591742277145,296,False
ขอบคุณ,ขอบ+คุณ,2,0.058082591742277145,0.058082591742277145,296,False
ขอบคุณ,ขอบ+คุณ,2,0.058082591742277145,0.058082591742277145,296,False
เขย่า,เข+ย่า,2,-0.01650521159172058,-0.01650521159172058,322,False
ทุเรียน,ทุ+เรียน,2,-0.00927804410457611,-0.00927804410457611,381,False
ทุเรียน,ทุ+เรียน,2,-0.00927804410457611,-0.00927804410457611,381,False
