thai,parts,n_parts,per_part_cos,min_part_cos,mean_part_cos,max_part_cos,gap,sum_rank
ดำเนิน,ดำ+เนิน,2,-0.127;0.202,-0.12749631702899933,0.037248462438583374,0.20199324190616608,0.3294895589351654,206
ของหวาน,ของ+หวาน,2,-0.080;0.469,-0.0797344297170639,0.19444341212511063,0.46862125396728516,0.5483556836843491,15
ของหวาน,ของ+หวาน,2,-0.080;0.469,-0.0797344297170639,0.19444341212511063,0.46862125396728516,0.5483556836843491,15
ดิฉัน,ดิ+ฉัน,2,-0.052;0.514,-0.05161667242646217,0.23130282573401928,0.5142223238945007,0.5658389963209629,8
เขย่า,เข+ย่า,2,0.025;-0.051,-0.05078442394733429,-0.012646459974348545,0.0254915039986372,0.07627592794597149,322
ทุเรียน,ทุ+เรียน,2,0.040;-0.050,-0.050138119608163834,-0.005230769515037537,0.03967658057808876,0.0898147001862526,381
ทุเรียน,ทุ+เรียน,2,0.040;-0.050,-0.050138119608163834,-0.005230769515037537,0.03967658057808876,0.0898147001862526,381
ครอบครัว,ครอบ+ครัว,2,-0.049;0.192,-0.048821739852428436,0.07148997113108635,0.19180168211460114,0.24062342196702957,136
ครอบครัว,ครอบ+ครัว,2,-0.049;0.192,-0.048821739852428436,0.07148997113108635,0.19180168211460114,0.24062342196702957,136
หน้าต่าง,หน้า+ต่าง,2,0.273;-0.048,-0.04781809076666832,0.11269913800060749,0.2732163667678833,0.3210344575345516,31
เหล้า,เห+ล้า,2,0.109;-0.026,-0.02557249367237091,0.04153711721301079,0.10864672809839249,0.1342192217707634,184
เหล้า,เห+ล้า,2,0.109;-0.026,-0.02557249367237091,0.04153711721301079,0.10864672809839249,0.1342192217707634,184
ประตู,ประ+ตู,2,-0.025;0.137,-0.025190560147166252,0.05574555043131113,0.1366816610097885,0.16187222115695477,49
ประตู,ประ+ตู,2,-0.025;0.137,-0.025190560147166252,0.05574555043131113,0.1366816610097885,0.16187222115695477,49
ทางตัน,ทาง+ตัน,2,0.132;-0.023,-0.02301008440554142,0.0545010669156909,0.13201221823692322,0.15502230264246464,52
ทางตัน,ทาง+ตัน,2,0.132;-0.023,-0.02301008440554142,0.0545010669156909,0.13201221823692322,0.15502230264246464,52
บางครั้ง,บาง+ครั้ง,2,0.374;-0.021,-0.020514732226729393,0.17656501848250628,0.37364476919174194,0.39415950141847134,8
ประเภท,ประ+เภท,2,-0.020;0.236,-0.020461877807974815,0.1077107461169362,0.23588337004184723,0.25634524784982204,10
อาหาร,อา+หาร,2,-0.017;0.075,-0.01684982143342495,0.029228118248283863,0.07530605792999268,0.09215587936341763,152
อาหาร,อา+หาร,2,-0.017;0.075,-0.01684982143342495,0.029228118248283863,0.07530605792999268,0.09215587936341763,152
ขอบคุณ,ขอบ+คุณ,2,0.003;0.071,0.0033701970241963863,0.037102193338796496,0.0708341896533966,0.06746399262920022,296
ขอบคุณ,ขอบ+คุณ,2,0.003;0.071,0.0033701970241963863,0.037102193338796496,0.0708341896533966,0.06746399262920022,296
ขอบคุณ,ขอบ+คุณ,2,0.003;0.071,0.0033701970241963863,0.037102193338796496,0.0708341896533966,0.06746399262920022,296
ขอบคุณ,ขอบ+คุณ,2,0.003;0.071,0.0033701970241963863,0.037102193338796496,0.0708341896533966,0.06746399262920022,296
สามแยก,สาม+แยก,2,0.011;0.333,0.010771692730486393,0.17178301559761167,0.33279433846473694,0.32202264573425055,18
สามแยก,สาม+แยก,2,0.011;0.333,0.010771692730486393,0.17178301559761167,0.33279433846473694,0.32202264573425055,18
รสชาติ,รส+ชาติ,2,0.552;0.020,0.020196346566081047,0.2862009247764945,0.552205502986908,0.5320091564208269,1
เวียดนาม,เวียด+นาม,2,0.441;0.020,0.020415715873241425,0.23070242628455162,0.4409891366958618,0.4205734208226204,3
เวียดนาม,เวียด+นาม,2,0.441;0.020,0.020415715873241425,0.23070242628455162,0.4409891366958618,0.4205734208226204,3
ที่แล้ว,ที่+แล้ว,2,0.021;0.305,0.020680680871009827,0.16286353021860123,0.3050463795661926,0.2843656986951828,62
ที่แล้ว,ที่+แล้ว,2,0.021;0.305,0.020680680871009827,0.16286353021860123,0.3050463795661926,0.2843656986951828,62
กระโดด,กระ+โดด,2,0.022;0.565,0.022077597677707672,0.29344551637768745,0.5648134350776672,0.5427358373999596,1
แสดง,แส+ดง,2,0.040;0.026,0.02628670446574688,0.03302482981234789,0.0397629551589489,0.013476250693202019,177
โกหก,โก+หก,2,0.027;0.097,0.02675461955368519,0.06172227580100298,0.09668993204832077,0.06993531249463558,130
แท็กซี่,แท็ก+ซี่,2,0.051;0.028,0.02791852131485939,0.039297495037317276,0.05067646875977516,0.02275794744491577,147
แท็กซี่,แท็ก+ซี่,2,0.051;0.028,0.02791852131485939,0.039297495037317276,0.05067646875977516,0.02275794744491577,147
พายุ,พา+ยุ,2,0.030;0.060,0.02978402189910412,0.04492564965039492,0.060067277401685715,0.030283255502581596,184
พายุ,พา+ยุ,2,0.030;0.060,0.02978402189910412,0.04492564965039492,0.060067277401685715,0.030283255502581596,184
นาที,นา+ที,2,0.080;0.032,0.03232201561331749,0.05594589374959469,0.07956977188587189,0.0472477562725544,82
นาที,นา+ที,2,0.080;0.032,0.03232201561331749,0.05594589374959469,0.07956977188587189,0.0472477562725544,82
ชื่อเล่น,ชื่อ+เล่น,2,0.571;0.033,0.03295823186635971,0.302138339728117,0.5713184475898743,0.5383602157235146,3
ชื่อเล่น,ชื่อ+เล่น,2,0.571;0.033,0.03295823186635971,0.302138339728117,0.5713184475898743,0.5383602157235146,3
ชื่อเล่น,ชื่อ+เล่น,2,0.571;0.033,0.03295823186635971,0.302138339728117,0.5713184475898743,0.5383602157235146,3
ขอบใจ,ขอบ+ใจ,2,0.035;0.234,0.034571532160043716,0.13422407396137714,0.23387661576271057,0.19930508360266685,45
ขอบใจ,ขอบ+ใจ,2,0.035;0.234,0.034571532160043716,0.13422407396137714,0.23387661576271057,0.19930508360266685,45
วันที่,วัน+ที่,2,0.575;0.035,0.03467518463730812,0.3049622196704149,0.5752492547035217,0.5405740700662136,3
วันที่,วัน+ที่,2,0.575;0.035,0.03467518463730812,0.3049622196704149,0.5752492547035217,0.5405740700662136,3
เงินสด,เงิน+สด,2,0.592;0.035,0.035475678741931915,0.3134966231882572,0.5915175676345825,0.5560418888926506,2
เงินสด,เงิน+สด,2,0.592;0.035,0.035475678741931915,0.3134966231882572,0.5915175676345825,0.5560418888926506,2
ต่อสู้,ต่อ+สู้,2,0.038;0.596,0.03787785768508911,0.3169294595718384,0.5959810614585876,0.5581032037734985,1
เข้าใจ,เข้า+ใจ,2,0.040;0.207,0.03973497077822685,0.12343855015933514,0.20714212954044342,0.16740715876221657,79
เข้าใจ,เข้า+ใจ,2,0.040;0.207,0.03973497077822685,0.12343855015933514,0.20714212954044342,0.16740715876221657,79
แขวน,แข+วน,2,0.040;0.073,0.04006984084844589,0.05672566965222359,0.07338149845600128,0.03331165760755539,86
ส้มโอ,ส้ม+โอ,2,0.602;0.041,0.04054206237196922,0.32143196277320385,0.6023218631744385,0.5617798008024693,4
ส้มโอ,ส้ม+โอ,2,0.602;0.041,0.04054206237196922,0.32143196277320385,0.6023218631744385,0.5617798008024693,4
ดำน้ำ,ดำ+น้ำ,2,0.044;0.171,0.04449480399489403,0.10757256112992764,0.17065031826496124,0.12615551427006721,143
สับปะรด,สับ+ปะ+รด,3,0.140;0.099;0.049,0.04851182922720909,0.09577502186099689,0.14015032351016998,0.09163849428296089,81
สับปะรด,สับ+ปะ+รด,3,0.140;0.099;0.049,0.04851182922720909,0.09577502186099689,0.14015032351016998,0.09163849428296089,81
มะเขือเทศ,มะเขือ+เทศ,2,0.504;0.049,0.04918130114674568,0.2765148375183344,0.5038483738899231,0.4546670727431774,10
มะเขือเทศ,มะเขือ+เทศ,2,0.504;0.049,0.04918130114674568,0.2765148375183344,0.5038483738899231,0.4546670727431774,10
ประเทศ,ประ+เทศ,2,0.051;0.307,0.05107339844107628,0.17921471409499645,0.3073560297489166,0.25628263130784035,4
ประเทศ,ประ+เทศ,2,0.051;0.307,0.05107339844107628,0.17921471409499645,0.3073560297489166,0.25628263130784035,4
รถสองแถว,รถ+สอง+แถว,3,0.433;0.053;0.287,0.05307438597083092,0.25745901341239613,0.4326498210430145,0.3795754350721836,9
รถสองแถว,รถ+สอง+แถว,3,0.433;0.053;0.287,0.05307438597083092,0.25745901341239613,0.4326498210430145,0.3795754350721836,9
แตงกวา,แตง+กวา,2,0.317;0.053,0.05327153950929642,0.18515539541840553,0.31703925132751465,0.26376771181821823,11
แตงกวา,แตง+กวา,2,0.317;0.053,0.05327153950929642,0.18515539541840553,0.31703925132751465,0.26376771181821823,11
สนใจ,สน+ใจ,2,0.292;0.067,0.06678254157304764,0.17957380786538124,0.29236507415771484,0.2255825325846672,22
ตีหนึ่ง,ตี+หนึ่ง,2,0.325;0.067,0.06699827313423157,0.19575677812099457,0.32451528310775757,0.257517009973526,17
ตีหนึ่ง,ตี+หนึ่ง,2,0.325;0.067,0.06699827313423157,0.19575677812099457,0.32451528310775757,0.257517009973526,17
เดินทาง,เดิน+ทาง,2,0.538;0.069,0.06900069117546082,0.30329085886478424,0.5375810265541077,0.46858033537864685,5
รถไฟ,รถ+ไฟ,2,0.342;0.069,0.06919983774423599,0.20560747757554054,0.3420151174068451,0.2728152796626091,23
รถไฟ,รถ+ไฟ,2,0.342;0.069,0.06919983774423599,0.20560747757554054,0.3420151174068451,0.2728152796626091,23
รถไฟ,รถ+ไฟ,2,0.342;0.069,0.06919983774423599,0.20560747757554054,0.3420151174068451,0.2728152796626091,23
รถไฟ,รถ+ไฟ,2,0.342;0.069,0.06919983774423599,0.20560747757554054,0.3420151174068451,0.2728152796626091,23
เป็นมิตร,เป็น+มิตร,2,0.146;0.071,0.07122786343097687,0.10883846133947372,0.14644905924797058,0.07522119581699371,28
เป็นมิตร,เป็น+มิตร,2,0.146;0.071,0.07122786343097687,0.10883846133947372,0.14644905924797058,0.07522119581699371,28
ลิ้นจี่,ลิ้น+จี่,2,0.079;0.073,0.07266604155302048,0.07571331039071083,0.07876057922840118,0.006094537675380707,215
สะพาน,สะ+พาน,2,0.074;0.224,0.07434845715761185,0.14905880764126778,0.2237691581249237,0.14942070096731186,21
สะพาน,สะ+พาน,2,0.074;0.224,0.07434845715761185,0.14905880764126778,0.2237691581249237,0.14942070096731186,21
รสจัด,รส+จัด,2,0.335;0.075,0.07535131275653839,0.20531388372182846,0.33527645468711853,0.25992514193058014,3
รสจัด,รส+จัด,2,0.335;0.075,0.07535131275653839,0.20531388372182846,0.33527645468711853,0.25992514193058014,3
แน่นอน,แน่+นอน,2,0.506;0.077,0.07749009877443314,0.29159167781472206,0.505693256855011,0.42820315808057785,18
หัวเราะ,หัว+เราะ,2,0.079;0.117,0.07889792323112488,0.09806901216506958,0.11724010109901428,0.038342177867889404,43
ซ้ายมือ,ซ้าย+มือ,2,0.527;0.081,0.08118285238742828,0.3042566552758217,0.5273304581642151,0.4461476057767868,2
ซ้ายมือ,ซ้าย+มือ,2,0.527;0.081,0.08118285238742828,0.3042566552758217,0.5273304581642151,0.4461476057767868,2
ลำไย,ลำ+ไย,2,0.144;0.083,0.08257913589477539,0.11324642598628998,0.14391371607780457,0.061334580183029175,58
ลำไย,ลำ+ไย,2,0.144;0.083,0.08257913589477539,0.11324642598628998,0.14391371607780457,0.061334580183029175,58
รองเท้า,รอง+เท้า,2,0.083;0.363,0.08307795971632004,0.2232184074819088,0.36335885524749756,0.2802808955311775,1
รองเท้า,รอง+เท้า,2,0.083;0.363,0.08307795971632004,0.2232184074819088,0.36335885524749756,0.2802808955311775,1
ชั่วโมง,ชั่ว+โมง,2,0.084;0.559,0.08433198928833008,0.3217528164386749,0.5591736435890198,0.4748416543006897,2
ชั่วโมง,ชั่ว+โมง,2,0.084;0.559,0.08433198928833008,0.3217528164386749,0.5591736435890198,0.4748416543006897,2
ที่นั่ง,ที่+นั่ง,2,0.087;0.522,0.08743765950202942,0.3047843426465988,0.5221310257911682,0.4346933662891388,3
ที่นั่ง,ที่+นั่ง,2,0.087;0.522,0.08743765950202942,0.3047843426465988,0.5221310257911682,0.4346933662891388,3
กุมภาพันธ์,กุมภา+พันธ์,2,0.590;0.089,0.08876167237758636,0.339341901242733,0.5899221301078796,0.5011604577302933,4
กุมภาพันธ์,กุมภา+พันธ์,2,0.590;0.089,0.08876167237758636,0.339341901242733,0.5899221301078796,0.5011604577302933,4
จักรยาน,จักร+ยาน,2,0.089;0.165,0.08905022591352463,0.1269163005053997,0.16478237509727478,0.07573214918375015,12
จักรยาน,จักร+ยาน,2,0.089;0.165,0.08905022591352463,0.1269163005053997,0.16478237509727478,0.07573214918375015,12
ตั้งแต่,ตั้ง+แต่,2,0.166;0.090,0.09027912467718124,0.12804625555872917,0.1658133864402771,0.07553426176309586,110
กระเทียม,กระ+เทียม,2,0.199;0.090,0.09045520424842834,0.1446157768368721,0.19877634942531586,0.10832114517688751,16
กระเทียม,กระ+เทียม,2,0.199;0.090,0.09045520424842834,0.1446157768368721,0.19877634942531586,0.10832114517688751,16
ขวามือ,ขวา+มือ,2,0.611;0.091,0.09060760587453842,0.3509064130485058,0.6112052202224731,0.5205976143479347,1
ขวามือ,ขวา+มือ,2,0.611;0.091,0.09060760587453842,0.3509064130485058,0.6112052202224731,0.5205976143479347,1
กรุงเทพ,กรุง+เทพ,2,0.316;0.094,0.09416033327579498,0.20532333105802536,0.31648632884025574,0.22232599556446075,1
แผนที่,แผน+ที่,2,0.293;0.095,0.09458479285240173,0.19396762549877167,0.2933504581451416,0.19876566529273987,3
ชมพู่,ชม+พู่,2,0.095;0.153,0.09485533833503723,0.1240975558757782,0.15333977341651917,0.058484435081481934,65
ชมพู่,ชม+พู่,2,0.095;0.153,0.09485533833503723,0.1240975558757782,0.15333977341651917,0.058484435081481934,65
เงินทอน,เงิน+ทอน,2,0.350;0.099,0.09861111640930176,0.22453464567661285,0.35045817494392395,0.2518470585346222,8
เงินทอน,เงิน+ทอน,2,0.350;0.099,0.09861111640930176,0.22453464567661285,0.35045817494392395,0.2518470585346222,8
ไว้ใจ,ไว้+ใจ,2,0.099;0.246,0.09936390072107315,0.17251506075263023,0.24566622078418732,0.14630232006311417,40
เครื่องเทศ,เครื่อง+เทศ,2,0.100;0.186,0.10007742792367935,0.14296921715140343,0.1858610063791275,0.08578357845544815,10
เครื่องเทศ,เครื่อง+เทศ,2,0.100;0.186,0.10007742792367935,0.14296921715140343,0.1858610063791275,0.08578357845544815,10
อันนี้,อัน+นี้,2,0.103;0.334,0.10303035378456116,0.21840506792068481,0.33377978205680847,0.23074942827224731,3
อันนี้,อัน+นี้,2,0.103;0.334,0.10303035378456116,0.21840506792068481,0.33377978205680847,0.23074942827224731,3
ชายหาด,ชาย+หาด,2,0.105;0.739,0.10522563010454178,0.42221877351403236,0.739211916923523,0.6339862868189812,1
ชายหาด,ชาย+หาด,2,0.105;0.739,0.10522563010454178,0.42221877351403236,0.739211916923523,0.6339862868189812,1
มะละกอ,มะ+ละ+กอ,3,0.135;0.152;0.106,0.10624190419912338,0.13106432805458704,0.15207433700561523,0.04583243280649185,24
มะละกอ,มะ+ละ+กอ,3,0.135;0.152;0.106,0.10624190419912338,0.13106432805458704,0.15207433700561523,0.04583243280649185,24
ยกเว้น,ยก+เว้น,2,0.115;0.376,0.11516785621643066,0.24563395977020264,0.3761000633239746,0.26093220710754395,1
กลางคืน,กลาง+คืน,2,0.172;0.117,0.11719761788845062,0.14481821656227112,0.1724388152360916,0.05524119734764099,16
กลางคืน,กลาง+คืน,2,0.172;0.117,0.11719761788845062,0.14481821656227112,0.1724388152360916,0.05524119734764099,16
เท่าไร,เท่า+ไร,2,0.239;0.122,0.12155149132013321,0.18028711155056953,0.23902273178100586,0.11747124046087265,3
เท่าไร,เท่า+ไร,2,0.239;0.122,0.12155149132013321,0.18028711155056953,0.23902273178100586,0.11747124046087265,3
อย่างไร,อย่าง+ไร,2,0.231;0.133,0.13338680565357208,0.18227942287921906,0.23117204010486603,0.09778523445129395,8
สี่แยก,สี่+แยก,2,0.135;0.390,0.13547386229038239,0.2626364603638649,0.3897990584373474,0.254325196146965,10
ลาก่อน,ลา+ก่อน,2,0.386;0.136,0.13552647829055786,0.26066820323467255,0.38580992817878723,0.25028344988822937,1
ลาก่อน,ลา+ก่อน,2,0.386;0.136,0.13552647829055786,0.26066820323467255,0.38580992817878723,0.25028344988822937,1
น้ำใจ,น้ำ+ใจ,2,0.138;0.430,0.13806208968162537,0.2841881960630417,0.430314302444458,0.29225221276283264,5
ทางลัด,ทาง+ลัด,2,0.139;0.345,0.13855688273906708,0.24189729243516922,0.34523770213127136,0.20668081939220428,2
ทางลัด,ทาง+ลัด,2,0.139;0.345,0.13855688273906708,0.24189729243516922,0.34523770213127136,0.20668081939220428,2
เพิ่งจะ,เพิ่ง+จะ,2,0.894;0.139,0.13871696591377258,0.5163843780755997,0.8940517902374268,0.7553348243236542,2
เพิ่งจะ,เพิ่ง+จะ,2,0.894;0.139,0.13871696591377258,0.5163843780755997,0.8940517902374268,0.7553348243236542,2
ร้องไห้,ร้อง+ไห้,2,0.528;0.140,0.1402074247598648,0.3341226354241371,0.5280378460884094,0.3878304213285446,1
เกินไป,เกิน+ไป,2,0.339;0.140,0.14047755300998688,0.2397666946053505,0.3390558362007141,0.19857828319072723,7
เกินไป,เกิน+ไป,2,0.339;0.140,0.14047755300998688,0.2397666946053505,0.3390558362007141,0.19857828319072723,7
แนะนำ,แนะ+นำ,2,0.447;0.141,0.14065320789813995,0.2940758541226387,0.44749850034713745,0.3068452924489975,1
มันฝรั่ง,มัน+ฝรั่ง,2,0.238;0.143,0.1433696150779724,0.19075843691825867,0.23814725875854492,0.09477764368057251,83
พรุ่งนี้,พรุ่ง+นี้,2,0.214;0.145,0.14474454522132874,0.179219551384449,0.21369455754756927,0.06895001232624054,16
พรุ่งนี้,พรุ่ง+นี้,2,0.214;0.145,0.14474454522132874,0.179219551384449,0.21369455754756927,0.06895001232624054,16
คะน้า,คะ+น้า,2,0.173;0.145,0.14483526349067688,0.15895142406225204,0.1730675846338272,0.02823232114315033,115
คะน้า,คะ+น้า,2,0.173;0.145,0.14483526349067688,0.15895142406225204,0.1730675846338272,0.02823232114315033,115
มีน้ำใจ,มี+น้ำใจ,2,0.153;0.552,0.15264928340911865,0.35243478417396545,0.5522202849388123,0.3995710015296936,3
วงเวียน,วง+เวียน,2,0.163;0.153,0.1526917666196823,0.15772733092308044,0.16276289522647858,0.010071128606796265,3
วงเวียน,วง+เวียน,2,0.163;0.153,0.1526917666196823,0.15772733092308044,0.16276289522647858,0.010071128606796265,3
ทั้งหมด,ทั้ง+หมด,2,0.163;0.153,0.15271936357021332,0.1577063426375389,0.1626933217048645,0.009973958134651184,24
ทั้งหมด,ทั้ง+หมด,2,0.163;0.153,0.15271936357021332,0.1577063426375389,0.1626933217048645,0.009973958134651184,24
ชาเขียว,ชา+เขียว,2,0.432;0.158,0.1581130027770996,0.2952864319086075,0.43245986104011536,0.27434685826301575,7
ชาเขียว,ชา+เขียว,2,0.432;0.158,0.1581130027770996,0.2952864319086075,0.43245986104011536,0.27434685826301575,7
กำลัง,กำ+ลัง,2,0.158;0.163,0.15842121839523315,0.1605892926454544,0.16275736689567566,0.004336148500442505,5
กำลัง,กำ+ลัง,2,0.158;0.163,0.15842121839523315,0.1605892926454544,0.16275736689567566,0.004336148500442505,5
กลางวัน,กลาง+วัน,2,0.165;0.242,0.16503462195396423,0.2036581113934517,0.24228160083293915,0.07724697887897491,25
กลางวัน,กลาง+วัน,2,0.165;0.242,0.16503462195396423,0.2036581113934517,0.24228160083293915,0.07724697887897491,25
ที่ไหน,ที่+ไหน,2,0.165;0.498,0.16533921658992767,0.33156856149435043,0.4977979063987732,0.3324586898088455,3
ที่ไหน,ที่+ไหน,2,0.165;0.498,0.16533921658992767,0.33156856149435043,0.4977979063987732,0.3324586898088455,3
ที่ไหน,ที่+ไหน,2,0.165;0.498,0.16533921658992767,0.33156856149435043,0.4977979063987732,0.3324586898088455,3
ที่ไหน,ที่+ไหน,2,0.165;0.498,0.16533921658992767,0.33156856149435043,0.4977979063987732,0.3324586898088455,3
ตกปลา,ตก+ปลา,2,0.168;0.469,0.1684999018907547,0.3186579868197441,0.4688160717487335,0.3003161698579788,3
เครื่องดื่ม,เครื่อง+ดื่ม,2,0.169;0.462,0.16857057809829712,0.3151229918003082,0.46167540550231934,0.2931048274040222,7
เครื่องดื่ม,เครื่อง+ดื่ม,2,0.169;0.462,0.16857057809829712,0.3151229918003082,0.46167540550231934,0.2931048274040222,7
ตัวเอง,ตัว+เอง,2,0.169;0.343,0.1687684953212738,0.2557854652404785,0.3428024351596832,0.17403393983840942,5
อะไร,อะ+ไร,2,0.171;0.339,0.17095082998275757,0.2551550716161728,0.339359313249588,0.16840848326683044,3
อะไร,อะ+ไร,2,0.171;0.339,0.17095082998275757,0.2551550716161728,0.339359313249588,0.16840848326683044,3
ถูกต้อง,ถูก+ต้อง,2,0.171;0.328,0.17103971540927887,0.24930913001298904,0.3275785446166992,0.15653882920742035,10
ตรงข้าม,ตรง+ข้าม,2,0.341;0.173,0.1725250631570816,0.2568327710032463,0.341140478849411,0.1686154156923294,4
ตรงข้าม,ตรง+ข้าม,2,0.341;0.173,0.1725250631570816,0.2568327710032463,0.341140478849411,0.1686154156923294,4
มะเขือ,มะ+เขือ,2,0.173;0.422,0.17305447161197662,0.2977363392710686,0.4224182069301605,0.2493637353181839,4
มะเขือ,มะ+เขือ,2,0.173;0.422,0.17305447161197662,0.2977363392710686,0.4224182069301605,0.2493637353181839,4
น้ำตก,น้ำ+ตก,2,0.330;0.174,0.17413321137428284,0.25218796730041504,0.33024272322654724,0.1561095118522644,12
น้ำตก,น้ำ+ตก,2,0.330;0.174,0.17413321137428284,0.25218796730041504,0.33024272322654724,0.1561095118522644,12
น้ำตก,น้ำ+ตก,2,0.330;0.174,0.17413321137428284,0.25218796730041504,0.33024272322654724,0.1561095118522644,12
น้ำตก,น้ำ+ตก,2,0.330;0.174,0.17413321137428284,0.25218796730041504,0.33024272322654724,0.1561095118522644,12
ผลไม้,ผล+ไม้,2,0.177;0.278,0.17729739844799042,0.22753872722387314,0.27778005599975586,0.10048265755176544,6
ผลไม้,ผล+ไม้,2,0.177;0.278,0.17729739844799042,0.22753872722387314,0.27778005599975586,0.10048265755176544,6
ที่นั่น,ที่+นั่น,2,0.246;0.177,0.1773129403591156,0.2116350680589676,0.24595719575881958,0.06864425539970398,23
อยากได้,อยาก+ได้,2,0.502;0.178,0.177853062748909,0.3401479199528694,0.5024427771568298,0.32458971440792084,8
ตกใจ,ตก+ใจ,2,0.284;0.180,0.1803286224603653,0.23200241476297379,0.2836762070655823,0.10334758460521698,11
มะนาว,มะ+นาว,2,0.187;0.182,0.1824871450662613,0.18471314013004303,0.18693913519382477,0.0044519901275634766,17
มะนาว,มะ+นาว,2,0.187;0.182,0.1824871450662613,0.18471314013004303,0.18693913519382477,0.0044519901275634766,17
คนขับ,คน+ขับ,2,0.192;0.439,0.19160151481628418,0.3150835931301117,0.4385656714439392,0.24696415662765503,4
ภูเขา,ภู+เขา,2,0.380;0.193,0.19343194365501404,0.286894291639328,0.38035663962364197,0.18692469596862793,7
ภูเขา,ภู+เขา,2,0.380;0.193,0.19343194365501404,0.286894291639328,0.38035663962364197,0.18692469596862793,7
ภูเขา,ภู+เขา,2,0.380;0.193,0.19343194365501404,0.286894291639328,0.38035663962364197,0.18692469596862793,7
ภูเขา,ภู+เขา,2,0.380;0.193,0.19343194365501404,0.286894291639328,0.38035663962364197,0.18692469596862793,7
สักครู่,สัก+ครู่,2,0.194;0.556,0.1941814422607422,0.3751477897167206,0.556114137172699,0.3619326949119568,1
ไม่ค่อย,ไม่+ค่อย,2,0.640;0.195,0.1948506087064743,0.41729652136564255,0.6397424340248108,0.4448918253183365,3
ภาษาไทย,ภาษา+ไทย,2,0.621;0.195,0.19493144750595093,0.40782108902931213,0.6207107305526733,0.4257792830467224,2
พระอาทิตย์,พระ+อาทิตย์,2,0.196;0.223,0.19625906646251678,0.20959310978651047,0.22292715311050415,0.026668086647987366,13
พระอาทิตย์,พระ+อาทิตย์,2,0.196;0.223,0.19625906646251678,0.20959310978651047,0.22292715311050415,0.026668086647987366,13
ต้องการ,ต้อง+การ,2,0.346;0.197,0.19726133346557617,0.27162016928195953,0.3459790050983429,0.14871767163276672,11
เตียงคู่,เตียง+คู่,2,0.519;0.199,0.19917747378349304,0.35886146128177643,0.5185454487800598,0.3193679749965668,3
มะม่วง,มะ+ม่วง,2,0.207;0.338,0.2071550041437149,0.2727147862315178,0.3382745683193207,0.13111956417560577,5
มะม่วง,มะ+ม่วง,2,0.207;0.338,0.2071550041437149,0.2727147862315178,0.3382745683193207,0.13111956417560577,5
วางแผน,วาง+แผน,2,0.207;0.455,0.20736025273799896,0.3313540294766426,0.45534780621528625,0.2479875534772873,2
ช่วยด้วย,ช่วย+ด้วย,2,0.209;0.211,0.2086412012577057,0.20983102917671204,0.21102085709571838,0.0023796558380126953,8
เมฆมาก,เมฆ+มาก,2,0.420;0.209,0.20946739614009857,0.3145492747426033,0.41963115334510803,0.21016375720500946,2
เมฆมาก,เมฆ+มาก,2,0.420;0.209,0.20946739614009857,0.3145492747426033,0.41963115334510803,0.21016375720500946,2
แม่ค้า,แม่+ค้า,2,0.326;0.210,0.2101801335811615,0.2683151364326477,0.3264501392841339,0.11627000570297241,7
แม่ค้า,แม่+ค้า,2,0.326;0.210,0.2101801335811615,0.2683151364326477,0.3264501392841339,0.11627000570297241,7
พูดเล่น,พูด+เล่น,2,0.521;0.212,0.21219147741794586,0.36645907908678055,0.5207266807556152,0.3085352033376694,8
โรงแรม,โรง+แรม,2,0.216;0.213,0.21306496858596802,0.21457279473543167,0.21608062088489532,0.003015652298927307,2
โรงแรม,โรง+แรม,2,0.216;0.213,0.21306496858596802,0.21457279473543167,0.21608062088489532,0.003015652298927307,2
โรงแรม,โรง+แรม,2,0.216;0.213,0.21306496858596802,0.21457279473543167,0.21608062088489532,0.003015652298927307,2
โรงแรม,โรง+แรม,2,0.216;0.213,0.21306496858596802,0.21457279473543167,0.21608062088489532,0.003015652298927307,2
อาหารแห้ง,อาหาร+แห้ง,2,0.350;0.214,0.21390923857688904,0.28213363885879517,0.3503580391407013,0.13644880056381226,46
อาหารแห้ง,อาหาร+แห้ง,2,0.350;0.214,0.21390923857688904,0.28213363885879517,0.3503580391407013,0.13644880056381226,46
ด้วยกัน,ด้วย+กัน,2,0.217;0.369,0.21661624312400818,0.2926598787307739,0.3687035143375397,0.1520872712135315,4
ด้วยกัน,ด้วย+กัน,2,0.217;0.369,0.21661624312400818,0.2926598787307739,0.3687035143375397,0.1520872712135315,4
เตียงเดี่ยว,เตียง+เดี่ยว,2,0.473;0.217,0.21669872105121613,0.34480760246515274,0.47291648387908936,0.25621776282787323,3
ทิศทาง,ทิศ+ทาง,2,0.520;0.217,0.2172461301088333,0.3687422648072243,0.5202383995056152,0.3029922693967819,2
ทิศทาง,ทิศ+ทาง,2,0.520;0.217,0.2172461301088333,0.3687422648072243,0.5202383995056152,0.3029922693967819,2
เกรงใจ,เกรง+ใจ,2,0.339;0.218,0.217951700091362,0.27858396619558334,0.3392162322998047,0.12126453220844269,7
ได้รับ,ได้+รับ,2,0.218;0.334,0.21799276769161224,0.27577243000268936,0.3335520923137665,0.11555932462215424,2
น้ำอัดลม,น้ำ+อัดลม,2,0.218;0.381,0.2184225469827652,0.29979417473077774,0.3811658024787903,0.16274325549602509,10
น้ำอัดลม,น้ำ+อัดลม,2,0.218;0.381,0.2184225469827652,0.29979417473077774,0.3811658024787903,0.16274325549602509,10
มาจาก,มา+จาก,2,0.220;0.606,0.2199854850769043,0.4131190776824951,0.6062526702880859,0.38626718521118164,3
มาจาก,มา+จาก,2,0.220;0.606,0.2199854850769043,0.4131190776824951,0.6062526702880859,0.38626718521118164,3
มาจาก,มา+จาก,2,0.220;0.606,0.2199854850769043,0.4131190776824951,0.6062526702880859,0.38626718521118164,3
มาจาก,มา+จาก,2,0.220;0.606,0.2199854850769043,0.4131190776824951,0.6062526702880859,0.38626718521118164,3
ตุลาคม,ตุลา+คม,2,0.571;0.223,0.2225264012813568,0.39691920578479767,0.5713120102882385,0.3487856090068817,3
ตุลาคม,ตุลา+คม,2,0.571;0.223,0.2225264012813568,0.39691920578479767,0.5713120102882385,0.3487856090068817,3
พัดลม,พัด+ลม,2,0.223;0.339,0.2231915295124054,0.28100262582302094,0.3388137221336365,0.11562219262123108,10
พัดลม,พัด+ลม,2,0.223;0.339,0.2231915295124054,0.28100262582302094,0.3388137221336365,0.11562219262123108,10
ทำงาน,ทำ+งาน,2,0.419;0.223,0.22340743243694305,0.32113928347826004,0.418871134519577,0.19546370208263397,2
ทำงาน,ทำ+งาน,2,0.419;0.223,0.22340743243694305,0.32113928347826004,0.418871134519577,0.19546370208263397,2
ตีสาม,ตี+สาม,2,0.328;0.226,0.22629767656326294,0.27703963220119476,0.3277815878391266,0.10148391127586365,12
ตีสาม,ตี+สาม,2,0.328;0.226,0.22629767656326294,0.27703963220119476,0.3277815878391266,0.10148391127586365,12
เครื่องบิน,เครื่อง+บิน,2,0.228;0.447,0.22815673053264618,0.33752287179231644,0.4468890130519867,0.21873228251934052,1
เครื่องบิน,เครื่อง+บิน,2,0.228;0.447,0.22815673053264618,0.33752287179231644,0.4468890130519867,0.21873228251934052,1
น้ำเปล่า,น้ำ+เปล่า,2,0.490;0.228,0.22831228375434875,0.3593367785215378,0.4903612732887268,0.26204898953437805,2
น้ำเปล่า,น้ำ+เปล่า,2,0.490;0.228,0.22831228375434875,0.3593367785215378,0.4903612732887268,0.26204898953437805,2
ว่ายน้ำ,ว่าย+น้ำ,2,0.668;0.228,0.22849756479263306,0.44804537296295166,0.6675931811332703,0.4390956163406372,2
ว่ายน้ำ,ว่าย+น้ำ,2,0.668;0.228,0.22849756479263306,0.44804537296295166,0.6675931811332703,0.4390956163406372,2
เล็กน้อย,เล็ก+น้อย,2,0.244;0.230,0.22976262867450714,0.2369299754500389,0.24409732222557068,0.014334693551063538,6
พ่อค้า,พ่อ+ค้า,2,0.232;0.397,0.23176901042461395,0.31432921439409256,0.39688941836357117,0.16512040793895721,5
พ่อค้า,พ่อ+ค้า,2,0.232;0.397,0.23176901042461395,0.31432921439409256,0.39688941836357117,0.16512040793895721,5
สิงหาคม,สิงหา+คม,2,0.581;0.233,0.2329905927181244,0.40677379071712494,0.5805569887161255,0.3475663959980011,1
สิงหาคม,สิงหา+คม,2,0.581;0.233,0.2329905927181244,0.40677379071712494,0.5805569887161255,0.3475663959980011,1
เที่ยงคืน,เที่ยง+คืน,2,0.526;0.233,0.23336967825889587,0.37948788702487946,0.525606095790863,0.29223641753196716,4
เที่ยงคืน,เที่ยง+คืน,2,0.526;0.233,0.23336967825889587,0.37948788702487946,0.525606095790863,0.29223641753196716,4
ธันวาคม,ธันวา+คม,2,0.574;0.234,0.23382508754730225,0.4039436876773834,0.5740622878074646,0.34023720026016235,1
ธันวาคม,ธันวา+คม,2,0.574;0.234,0.23382508754730225,0.4039436876773834,0.5740622878074646,0.34023720026016235,1
มีนาคม,มีนา+คม,2,0.397;0.235,0.23484884202480316,0.31594058126211166,0.39703232049942017,0.162183478474617,11
มีนาคม,มีนา+คม,2,0.397;0.235,0.23484884202480316,0.31594058126211166,0.39703232049942017,0.162183478474617,11
น้ำแข็ง,น้ำ+แข็ง,2,0.427;0.235,0.2352970838546753,0.33121834695339203,0.42713961005210876,0.19184252619743347,6
น้ำแข็ง,น้ำ+แข็ง,2,0.427;0.235,0.2352970838546753,0.33121834695339203,0.42713961005210876,0.19184252619743347,6
ฤดูร้อน,ฤดู+ร้อน,2,0.585;0.236,0.23572826385498047,0.4105257987976074,0.5853233337402344,0.3495950698852539,5
ฤดูร้อน,ฤดู+ร้อน,2,0.585;0.236,0.23572826385498047,0.4105257987976074,0.5853233337402344,0.3495950698852539,5
สบายดี,สบาย+ดี,2,0.391;0.237,0.2374957799911499,0.3142639696598053,0.3910321593284607,0.1535363793373108,10
สบายดี,สบาย+ดี,2,0.391;0.237,0.2374957799911499,0.3142639696598053,0.3910321593284607,0.1535363793373108,10
สบายดี,สบาย+ดี,2,0.391;0.237,0.2374957799911499,0.3142639696598053,0.3910321593284607,0.1535363793373108,10
ตีห้า,ตี+ห้า,2,0.304;0.240,0.24000106751918793,0.2718791738152504,0.30375728011131287,0.06375621259212494,14
ตีห้า,ตี+ห้า,2,0.304;0.240,0.24000106751918793,0.2718791738152504,0.30375728011131287,0.06375621259212494,14
ผู้โดยสาร,ผู้+โดยสาร,2,0.242;0.556,0.24202372133731842,0.39924169331789017,0.5564596652984619,0.3144359439611435,1
ผู้โดยสาร,ผู้+โดยสาร,2,0.242;0.556,0.24202372133731842,0.39924169331789017,0.5564596652984619,0.3144359439611435,1
ทำผิด,ทำ+ผิด,2,0.246;0.536,0.2463844269514084,0.39133306592702866,0.5362817049026489,0.28989727795124054,2
ความหมาย,ความ+หมาย,2,0.259;0.247,0.24650616943836212,0.2528766915202141,0.25924721360206604,0.012741044163703918,1
เมื่อวาน,เมื่อ+วาน,2,0.247;0.496,0.24706099927425385,0.37134813517332077,0.4956352710723877,0.24857427179813385,2
เมื่อวาน,เมื่อ+วาน,2,0.247;0.496,0.24706099927425385,0.37134813517332077,0.4956352710723877,0.24857427179813385,2
ปั๊มน้ำมัน,ปั๊ม+น้ำมัน,2,0.456;0.253,0.2525026202201843,0.3540372997522354,0.4555719792842865,0.20306935906410217,2
กาแฟเย็น,กาแฟ+เย็น,2,0.661;0.259,0.2592970132827759,0.4602619707584381,0.6612269282341003,0.40192991495132446,4
กาแฟเย็น,กาแฟ+เย็น,2,0.661;0.259,0.2592970132827759,0.4602619707584381,0.6612269282341003,0.40192991495132446,4
เกี่ยวกับ,เกี่ยว+กับ,2,0.378;0.260,0.2604859471321106,0.3191070407629013,0.377728134393692,0.11724218726158142,2
สถานที่,สถาน+ที่,2,0.543;0.261,0.2613251209259033,0.40221312642097473,0.5431011319160461,0.2817760109901428,1
สถานที่,สถาน+ที่,2,0.543;0.261,0.2613251209259033,0.40221312642097473,0.5431011319160461,0.2817760109901428,1
สถานที่,สถาน+ที่,2,0.543;0.261,0.2613251209259033,0.40221312642097473,0.5431011319160461,0.2817760109901428,1
สถานที่,สถาน+ที่,2,0.543;0.261,0.2613251209259033,0.40221312642097473,0.5431011319160461,0.2817760109901428,1
ท่าเรือ,ท่า+เรือ,2,0.264;0.494,0.2641277015209198,0.37915126979351044,0.4941748380661011,0.23004713654518127,2
เลี้ยวขวา,เลี้ยว+ขวา,2,0.698;0.266,0.2662205100059509,0.48229193687438965,0.6983633637428284,0.43214285373687744,4
เลี้ยวขวา,เลี้ยว+ขวา,2,0.698;0.266,0.2662205100059509,0.48229193687438965,0.6983633637428284,0.43214285373687744,4
สนามบิน,สนาม+บิน,2,0.271;0.380,0.2713247239589691,0.3257737159729004,0.38022270798683167,0.10889798402786255,1
สนามบิน,สนาม+บิน,2,0.271;0.380,0.2713247239589691,0.3257737159729004,0.38022270798683167,0.10889798402786255,1
สนามบิน,สนาม+บิน,2,0.271;0.380,0.2713247239589691,0.3257737159729004,0.38022270798683167,0.10889798402786255,1
สนามบิน,สนาม+บิน,2,0.271;0.380,0.2713247239589691,0.3257737159729004,0.38022270798683167,0.10889798402786255,1
อันนั้น,อัน+นั้น,2,0.272;0.421,0.27199482917785645,0.34638699889183044,0.42077916860580444,0.148784339427948,1
อันนั้น,อัน+นั้น,2,0.272;0.421,0.27199482917785645,0.34638699889183044,0.42077916860580444,0.148784339427948,1
รถติด,รถ+ติด,2,0.373;0.274,0.27360573410987854,0.3233482092618942,0.3730906844139099,0.09948495030403137,4
รถติด,รถ+ติด,2,0.373;0.274,0.27360573410987854,0.3233482092618942,0.3730906844139099,0.09948495030403137,4
ฟ้าร้อง,ฟ้า+ร้อง,2,0.274;0.298,0.274239718914032,0.28633517026901245,0.2984306216239929,0.024190902709960938,2
ฟ้าร้อง,ฟ้า+ร้อง,2,0.274;0.298,0.274239718914032,0.28633517026901245,0.2984306216239929,0.024190902709960938,2
ถ่ายรูป,ถ่าย+รูป,2,0.507;0.275,0.2745940685272217,0.3906112015247345,0.5066283345222473,0.23203426599502563,1
ก่อสร้าง,ก่อ+สร้าง,2,0.277;0.426,0.2766132652759552,0.35112978518009186,0.4256463050842285,0.14903303980827332,1
ก่อสร้าง,ก่อ+สร้าง,2,0.277;0.426,0.2766132652759552,0.35112978518009186,0.4256463050842285,0.14903303980827332,1
สวนสนุก,สวน+สนุก,2,0.327;0.277,0.27701106667518616,0.3021456301212311,0.327280193567276,0.050269126892089844,2
สวนสนุก,สวน+สนุก,2,0.327;0.277,0.27701106667518616,0.3021456301212311,0.327280193567276,0.050269126892089844,2
สวนสนุก,สวน+สนุก,2,0.327;0.277,0.27701106667518616,0.3021456301212311,0.327280193567276,0.050269126892089844,2
สวนสนุก,สวน+สนุก,2,0.327;0.277,0.27701106667518616,0.3021456301212311,0.327280193567276,0.050269126892089844,2
รถตู้,รถ+ตู้,2,0.602;0.278,0.27797964215278625,0.4399598687887192,0.6019400954246521,0.32396045327186584,2
รถตู้,รถ+ตู้,2,0.602;0.278,0.27797964215278625,0.4399598687887192,0.6019400954246521,0.32396045327186584,2
วันหยุด,วัน+หยุด,2,0.336;0.279,0.27924346923828125,0.30746880173683167,0.3356941342353821,0.05645066499710083,12
วันหยุด,วัน+หยุด,2,0.336;0.279,0.27924346923828125,0.30746880173683167,0.3356941342353821,0.05645066499710083,12
ขอโทษ,ขอ+โทษ,2,0.333;0.281,0.28055471181869507,0.3068423420190811,0.33312997221946716,0.052575260400772095,1
ขอโทษ,ขอ+โทษ,2,0.333;0.281,0.28055471181869507,0.3068423420190811,0.33312997221946716,0.052575260400772095,1
ขอโทษ,ขอ+โทษ,2,0.333;0.281,0.28055471181869507,0.3068423420190811,0.33312997221946716,0.052575260400772095,1
ออกจาก,ออก+จาก,2,0.553;0.284,0.28432345390319824,0.4185522794723511,0.5527811050415039,0.26845765113830566,2
ตีสอง,ตี+สอง,2,0.344;0.285,0.2851763367652893,0.31452225148677826,0.3438681662082672,0.058691829442977905,8
ตีสอง,ตี+สอง,2,0.344;0.285,0.2851763367652893,0.31452225148677826,0.3438681662082672,0.058691829442977905,8
วันทำงาน,วัน+ทำงาน,2,0.441;0.291,0.2905339300632477,0.365703821182251,0.4408737123012543,0.1503397822380066,3
วันทำงาน,วัน+ทำงาน,2,0.441;0.291,0.2905339300632477,0.365703821182251,0.4408737123012543,0.1503397822380066,3
พระจันทร์,พระ+จันทร์,2,0.292;0.333,0.291982501745224,0.3126171678304672,0.33325183391571045,0.04126933217048645,1
พระจันทร์,พระ+จันทร์,2,0.292;0.333,0.291982501745224,0.3126171678304672,0.33325183391571045,0.04126933217048645,1
ฝากเงิน,ฝาก+เงิน,2,0.294;0.410,0.2944389879703522,0.3521956503391266,0.409952312707901,0.11551332473754883,5
ฝากเงิน,ฝาก+เงิน,2,0.294;0.410,0.2944389879703522,0.3521956503391266,0.409952312707901,0.11551332473754883,5
เลี้ยวซ้าย,เลี้ยว+ซ้าย,2,0.686;0.296,0.2962716519832611,0.4910437613725662,0.6858158707618713,0.38954421877861023,1
เลี้ยวซ้าย,เลี้ยว+ซ้าย,2,0.686;0.296,0.2962716519832611,0.4910437613725662,0.6858158707618713,0.38954421877861023,1
น้ำปลา,น้ำ+ปลา,2,0.302;0.361,0.3015613555908203,0.3311571627855301,0.36075296998023987,0.059191614389419556,16
น้ำปลา,น้ำ+ปลา,2,0.302;0.361,0.3015613555908203,0.3311571627855301,0.36075296998023987,0.059191614389419556,16
ที่นี่,ที่+นี่,2,0.303;0.307,0.30285653471946716,0.30489403009414673,0.3069315254688263,0.004074990749359131,9
ที่นี่,ที่+นี่,2,0.303;0.307,0.30285653471946716,0.30489403009414673,0.3069315254688263,0.004074990749359131,9
โชคดี,โชค+ดี,2,0.378;0.304,0.3038439452648163,0.3409721404314041,0.37810033559799194,0.07425639033317566,2
ตอนเช้า,ตอน+เช้า,2,0.305;0.679,0.3045273721218109,0.49198849499225616,0.6794496178627014,0.3749222457408905,2
ตอนเช้า,ตอน+เช้า,2,0.305;0.679,0.3045273721218109,0.49198849499225616,0.6794496178627014,0.3749222457408905,2
อาบแดด,อาบ+แดด,2,0.307;0.310,0.30667537450790405,0.3082243949174881,0.30977341532707214,0.003098040819168091,9
อาบแดด,อาบ+แดด,2,0.307;0.310,0.30667537450790405,0.3082243949174881,0.30977341532707214,0.003098040819168091,9
ภาคใต้,ภาค+ใต้,2,0.402;0.307,0.30715882778167725,0.35463540256023407,0.4021119773387909,0.09495314955711365,1
ภาคใต้,ภาค+ใต้,2,0.402;0.307,0.30715882778167725,0.35463540256023407,0.4021119773387909,0.09495314955711365,1
รถเครื่อง,รถ+เครื่อง,2,0.605;0.308,0.3076590299606323,0.45614397525787354,0.6046289205551147,0.2969698905944824,2
รถเครื่อง,รถ+เครื่อง,2,0.605;0.308,0.3076590299606323,0.45614397525787354,0.6046289205551147,0.2969698905944824,2
เดินป่า,เดิน+ป่า,2,0.395;0.309,0.3086491823196411,0.3518076092004776,0.3949660360813141,0.08631685376167297,3
วันสงกรานต์,วัน+สงกรานต์,2,0.312;0.719,0.31165435910224915,0.5152650624513626,0.7188757658004761,0.40722140669822693,2
วันสงกรานต์,วัน+สงกรานต์,2,0.312;0.719,0.31165435910224915,0.5152650624513626,0.7188757658004761,0.40722140669822693,2
จนถึง,จน+ถึง,2,0.318;0.429,0.3178711533546448,0.37346524000167847,0.42905932664871216,0.11118817329406738,1
ตอนเย็น,ตอน+เย็น,2,0.318;0.539,0.3179343640804291,0.4283817559480667,0.5388291478157043,0.22089478373527527,2
ตอนเย็น,ตอน+เย็น,2,0.318;0.539,0.3179343640804291,0.4283817559480667,0.5388291478157043,0.22089478373527527,2
ห้องน้ำ,ห้อง+น้ำ,2,0.629;0.323,0.3233663737773895,0.47615279257297516,0.6289392113685608,0.30557283759117126,3
ห้องน้ำ,ห้อง+น้ำ,2,0.629;0.323,0.3233663737773895,0.47615279257297516,0.6289392113685608,0.30557283759117126,3
ห้องน้ำ,ห้อง+น้ำ,2,0.629;0.323,0.3233663737773895,0.47615279257297516,0.6289392113685608,0.30557283759117126,3
ห้องน้ำ,ห้อง+น้ำ,2,0.629;0.323,0.3233663737773895,0.47615279257297516,0.6289392113685608,0.30557283759117126,3
สวนสัตว์,สวน+สัตว์,2,0.414;0.324,0.3236062526702881,0.3687792420387268,0.4139522314071655,0.09034597873687744,1
สวนสัตว์,สวน+สัตว์,2,0.414;0.324,0.3236062526702881,0.3687792420387268,0.4139522314071655,0.09034597873687744,1
สวนสัตว์,สวน+สัตว์,2,0.414;0.324,0.3236062526702881,0.3687792420387268,0.4139522314071655,0.09034597873687744,1
สวนสัตว์,สวน+สัตว์,2,0.414;0.324,0.3236062526702881,0.3687792420387268,0.4139522314071655,0.09034597873687744,1
ทุกวัน,ทุก+วัน,2,0.324;0.384,0.32372719049453735,0.35368700325489044,0.38364681601524353,0.05991962552070618,2
ทุกวัน,ทุก+วัน,2,0.324;0.384,0.32372719049453735,0.35368700325489044,0.38364681601524353,0.05991962552070618,2
น่ารัก,น่า+รัก,2,0.354;0.325,0.3245730996131897,0.339126855134964,0.3536806106567383,0.029107511043548584,2
น่ารัก,น่า+รัก,2,0.354;0.325,0.3245730996131897,0.339126855134964,0.3536806106567383,0.029107511043548584,2
พี่ชาย,พี่+ชาย,2,0.565;0.325,0.32478779554367065,0.4448944628238678,0.5650011301040649,0.2402133345603943,2
พี่ชาย,พี่+ชาย,2,0.565;0.325,0.32478779554367065,0.4448944628238678,0.5650011301040649,0.2402133345603943,2
หน่อไม้,หน่อ+ไม้,2,0.397;0.327,0.3265519440174103,0.3615524470806122,0.3965529501438141,0.07000100612640381,2
หน่อไม้,หน่อ+ไม้,2,0.397;0.327,0.3265519440174103,0.3615524470806122,0.3965529501438141,0.07000100612640381,2
กาแฟร้อน,กาแฟ+ร้อน,2,0.655;0.327,0.3274909555912018,0.4911925345659256,0.6548941135406494,0.32740315794944763,3
กาแฟร้อน,กาแฟ+ร้อน,2,0.655;0.327,0.3274909555912018,0.4911925345659256,0.6548941135406494,0.32740315794944763,3
วันนี้,วัน+นี้,2,0.333;0.350,0.3330972194671631,0.34148073196411133,0.34986424446105957,0.016767024993896484,3
วันนี้,วัน+นี้,2,0.333;0.350,0.3330972194671631,0.34148073196411133,0.34986424446105957,0.016767024993896484,3
เที่ยงวัน,เที่ยง+วัน,2,0.507;0.335,0.334625780582428,0.42083778977394104,0.5070497989654541,0.17242401838302612,9
เที่ยงวัน,เที่ยง+วัน,2,0.507;0.335,0.334625780582428,0.42083778977394104,0.5070497989654541,0.17242401838302612,9
ถุงเท้า,ถุง+เท้า,2,0.342;0.335,0.33496683835983276,0.338494211435318,0.3420215845108032,0.007054746150970459,4
ถุงเท้า,ถุง+เท้า,2,0.342;0.335,0.33496683835983276,0.338494211435318,0.3420215845108032,0.007054746150970459,4
ไม่เป็นไร,ไม่+เป็นไร,2,0.335;0.412,0.3351040184497833,0.3735487312078476,0.41199344396591187,0.07688942551612854,13
ไม่เป็นไร,ไม่+เป็นไร,2,0.335;0.412,0.3351040184497833,0.3735487312078476,0.41199344396591187,0.07688942551612854,13
ไม่เป็นไร,ไม่+เป็นไร,2,0.335;0.412,0.3351040184497833,0.3735487312078476,0.41199344396591187,0.07688942551612854,13
ไม่เป็นไร,ไม่+เป็นไร,2,0.335;0.412,0.3351040184497833,0.3735487312078476,0.41199344396591187,0.07688942551612854,13
น้ำตาล,น้ำ+ตาล,2,0.343;0.335,0.3354402184486389,0.3393520265817642,0.3432638347148895,0.00782361626625061,3
น้ำตาล,น้ำ+ตาล,2,0.343;0.335,0.3354402184486389,0.3393520265817642,0.3432638347148895,0.00782361626625061,3
ทำสวน,ทำ+สวน,2,0.337;0.443,0.3367333710193634,0.3897009938955307,0.442668616771698,0.1059352457523346,2
แตงโม,แตง+โม,2,0.338;0.337,0.3367695212364197,0.3373381942510605,0.3379068672657013,0.0011373460292816162,1
แตงโม,แตง+โม,2,0.338;0.337,0.3367695212364197,0.3373381942510605,0.3379068672657013,0.0011373460292816162,1
น้ำท่วม,น้ำ+ท่วม,2,0.338;0.617,0.33804115653038025,0.4777342230081558,0.6174272894859314,0.27938613295555115,2
น้ำท่วม,น้ำ+ท่วม,2,0.338;0.617,0.33804115653038025,0.4777342230081558,0.6174272894859314,0.27938613295555115,2
กะหล่ำปลี,กะหล่ำ+ปลี,2,0.588;0.338,0.3382658362388611,0.4629579782485962,0.5876501202583313,0.24938428401947021,1
ก็ดี,ก็+ดี,2,0.455;0.343,0.34302881360054016,0.3988676071166992,0.4547064006328583,0.11167758703231812,5
ผงซักฟอก,ผง+ซักฟอก,2,0.360;0.345,0.34505558013916016,0.35270552337169647,0.3603554666042328,0.015299886465072632,2
ผงซักฟอก,ผง+ซักฟอก,2,0.360;0.345,0.34505558013916016,0.35270552337169647,0.3603554666042328,0.015299886465072632,2
มากกว่า,มาก+กว่า,2,0.347;0.685,0.3467797636985779,0.5158024728298187,0.6848251819610596,0.3380454182624817,3
ช่วงนี้,ช่วง+นี้,2,0.459;0.348,0.348143994808197,0.40340618789196014,0.45866838097572327,0.11052438616752625,2
กำลังจะ,กำลัง+จะ,2,0.549;0.350,0.3495597541332245,0.44908709824085236,0.5486144423484802,0.19905468821525574,3
กำลังจะ,กำลัง+จะ,2,0.549;0.350,0.3495597541332245,0.44908709824085236,0.5486144423484802,0.19905468821525574,3
ทำอาหาร,ทำ+อาหาร,2,0.356;0.528,0.35631173849105835,0.4421970546245575,0.5280823707580566,0.1717706322669983,3
ความสุข,ความ+สุข,2,0.357;0.394,0.3571401834487915,0.3753962218761444,0.3936522603034973,0.03651207685470581,1
ความสุข,ความ+สุข,2,0.357;0.394,0.3571401834487915,0.3753962218761444,0.3936522603034973,0.03651207685470581,1
เจอกัน,เจอ+กัน,2,0.583;0.357,0.3574417233467102,0.4701448082923889,0.5828478932380676,0.22540616989135742,3
เจอกัน,เจอ+กัน,2,0.583;0.357,0.3574417233467102,0.4701448082923889,0.5828478932380676,0.22540616989135742,3
ข้าวโพด,ข้าว+โพด,2,0.597;0.358,0.3577934801578522,0.4775443822145462,0.5972952842712402,0.23950180411338806,2
ข้าวโพด,ข้าว+โพด,2,0.597;0.358,0.3577934801578522,0.4775443822145462,0.5972952842712402,0.23950180411338806,2
เพราะว่า,เพราะ+ว่า,2,0.852;0.359,0.35908079147338867,0.6056417524814606,0.8522027134895325,0.4931219220161438,2
เพราะว่า,เพราะ+ว่า,2,0.852;0.359,0.35908079147338867,0.6056417524814606,0.8522027134895325,0.4931219220161438,2
ตอนบ่าย,ตอน+บ่าย,2,0.362;0.684,0.3617032766342163,0.522657722234726,0.6836121678352356,0.3219088912010193,2
ตอนบ่าย,ตอน+บ่าย,2,0.362;0.684,0.3617032766342163,0.522657722234726,0.6836121678352356,0.3219088912010193,2
คนเดียว,คน+เดียว,2,0.397;0.363,0.3629757761955261,0.3797559440135956,0.39653611183166504,0.033560335636138916,2
วันพระ,วัน+พระ,2,0.387;0.369,0.36918288469314575,0.37806014716625214,0.3869374096393585,0.01775452494621277,2
วันพระ,วัน+พระ,2,0.387;0.369,0.36918288469314575,0.37806014716625214,0.3869374096393585,0.01775452494621277,2
น้องชาย,น้อง+ชาย,2,0.571;0.373,0.3727167844772339,0.4719960391521454,0.5712752938270569,0.198558509349823,3
น้องชาย,น้อง+ชาย,2,0.571;0.373,0.3727167844772339,0.4719960391521454,0.5712752938270569,0.198558509349823,3
อาหารเย็น,อาหาร+เย็น,2,0.558;0.376,0.37573564052581787,0.46669986844062805,0.5576640963554382,0.18192845582962036,3
ฝนตก,ฝน+ตก,2,0.781;0.382,0.38196808099746704,0.5812839567661285,0.78059983253479,0.398631751537323,2
ฝนตก,ฝน+ตก,2,0.781;0.382,0.38196808099746704,0.5812839567661285,0.78059983253479,0.398631751537323,2
เวลาว่าง,เวลา+ว่าง,2,0.387;0.427,0.3873646855354309,0.4069855213165283,0.42660635709762573,0.039241671562194824,3
รถบัส,รถ+บัส,2,0.404;0.409,0.403737336397171,0.4062632769346237,0.4087892174720764,0.0050518810749053955,3
รถบัส,รถ+บัส,2,0.404;0.409,0.403737336397171,0.4062632769346237,0.4087892174720764,0.0050518810749053955,3
วันอาทิตย์,วัน+อาทิตย์,2,0.502;0.406,0.4057046175003052,0.4537964165210724,0.5018882155418396,0.09618359804153442,5
วันอาทิตย์,วัน+อาทิตย์,2,0.502;0.406,0.4057046175003052,0.4537964165210724,0.5018882155418396,0.09618359804153442,5
ข้ามถนน,ข้าม+ถนน,2,0.411;0.430,0.41073131561279297,0.4202277511358261,0.42972418665885925,0.018992871046066284,2
ข้ามถนน,ข้าม+ถนน,2,0.411;0.430,0.41073131561279297,0.4202277511358261,0.42972418665885925,0.018992871046066284,2
แลกเงิน,แลก+เงิน,2,0.415;0.439,0.4150533080101013,0.4269149601459503,0.4387766122817993,0.023723304271697998,2
บัตรเครดิต,บัตร+เครดิต,2,0.593;0.416,0.4155810475349426,0.5042376220226288,0.5928941965103149,0.17731314897537231,3
บัตรเครดิต,บัตร+เครดิต,2,0.593;0.416,0.4155810475349426,0.5042376220226288,0.5928941965103149,0.17731314897537231,3
ฟังเพลง,ฟัง+เพลง,2,0.427;0.552,0.42682865262031555,0.48916997015476227,0.551511287689209,0.12468263506889343,3
สีน้ำตาล,สี+น้ำตาล,2,0.616;0.429,0.4288604259490967,0.5225957632064819,0.6163311004638672,0.1874706745147705,3
สระว่ายน้ำ,สระ+ว่ายน้ำ,2,0.595;0.432,0.43175196647644043,0.5133347511291504,0.5949175357818604,0.16316556930541992,3
ถอนเงิน,ถอน+เงิน,2,0.761;0.433,0.432739794254303,0.596767395734787,0.760794997215271,0.328055202960968,2
ถอนเงิน,ถอน+เงิน,2,0.761;0.433,0.432739794254303,0.596767395734787,0.760794997215271,0.328055202960968,2
พี่สาว,พี่+สาว,2,0.611;0.434,0.4337158203125,0.5224720239639282,0.6112282276153564,0.17751240730285645,1
พี่สาว,พี่+สาว,2,0.611;0.434,0.4337158203125,0.5224720239639282,0.6112282276153564,0.17751240730285645,1
ผู้คน,ผู้+คน,2,0.443;0.473,0.4433442950248718,0.45835599303245544,0.47336769104003906,0.030023396015167236,2
ร้องเพลง,ร้อง+เพลง,2,0.443;0.550,0.4434259533882141,0.4965822100639343,0.5497384667396545,0.10631251335144043,2
น้องสาว,น้อง+สาว,2,0.636;0.449,0.44883993268013,0.5425878912210464,0.6363358497619629,0.18749591708183289,2
น้องสาว,น้อง+สาว,2,0.636;0.449,0.44883993268013,0.5425878912210464,0.6363358497619629,0.18749591708183289,2
ผ้าเช็ดตัว,ผ้า+เช็ดตัว,2,0.459;0.499,0.45873281359672546,0.47877535223960876,0.49881789088249207,0.0400850772857666,1
พริกป่น,พริก+ป่น,2,0.608;0.494,0.49434924125671387,0.5513696372509003,0.6083900332450867,0.1140407919883728,2
ฤดูฝน,ฤดู+ฝน,2,0.582;0.498,0.49835699796676636,0.5400517880916595,0.5817465782165527,0.08338958024978638,4
ฤดูฝน,ฤดู+ฝน,2,0.582;0.498,0.49835699796676636,0.5400517880916595,0.5817465782165527,0.08338958024978638,4
ฤดูหนาว,ฤดู+หนาว,2,0.599;0.499,0.49934181571006775,0.5489906519651413,0.5986394882202148,0.0992976725101471,3
ฤดูหนาว,ฤดู+หนาว,2,0.599;0.499,0.49934181571006775,0.5489906519651413,0.5986394882202148,0.0992976725101471,3
ร้านอาหาร,ร้าน+อาหาร,2,0.571;0.510,0.5103153586387634,0.5407043695449829,0.5710933804512024,0.060778021812438965,2
ร้านอาหาร,ร้าน+อาหาร,2,0.571;0.510,0.5103153586387634,0.5407043695449829,0.5710933804512024,0.060778021812438965,2
ร้านอาหาร,ร้าน+อาหาร,2,0.571;0.510,0.5103153586387634,0.5407043695449829,0.5710933804512024,0.060778021812438965,2
ร้านอาหาร,ร้าน+อาหาร,2,0.571;0.510,0.5103153586387634,0.5407043695449829,0.5710933804512024,0.060778021812438965,2
สีแดง,สี+แดง,2,0.653;0.513,0.5125424861907959,0.5827153325080872,0.6528881788253784,0.14034569263458252,1
ร้านกาแฟ,ร้าน+กาแฟ,2,0.542;0.518,0.5178564786911011,0.5298228859901428,0.5417892932891846,0.023932814598083496,2
สีม่วง,สี+ม่วง,2,0.598;0.520,0.5199896693229675,0.5589867830276489,0.5979838967323303,0.07799422740936279,2
สีส้ม,สี+ส้ม,2,0.632;0.529,0.529055655002594,0.5803057551383972,0.6315558552742004,0.10250020027160645,3
กลายเป็น,กลาย+เป็น,2,0.530;0.658,0.530180037021637,0.5939223170280457,0.6576645970344543,0.12748456001281738,1
บ่ายโมง,บ่าย+โมง,2,0.567;0.592,0.567388117313385,0.5798006057739258,0.5922130942344666,0.024824976921081543,3
บ่ายโมง,บ่าย+โมง,2,0.567;0.592,0.567388117313385,0.5798006057739258,0.5922130942344666,0.024824976921081543,3
สีน้ำเงิน,สี+น้ำเงิน,2,0.582;0.699,0.5820620656013489,0.6407417953014374,0.6994215250015259,0.117359459400177,2
นิดหน่อย,นิด+หน่อย,2,0.662;0.598,0.5984498262405396,0.6302997469902039,0.6621496677398682,0.06369984149932861,1
นิดหน่อย,นิด+หน่อย,2,0.662;0.598,0.5984498262405396,0.6302997469902039,0.6621496677398682,0.06369984149932861,1
สีเทา,สี+เทา,2,0.714;0.632,0.6318880319595337,0.6729303896427155,0.7139727473258972,0.08208471536636353,1
สีชมพู,สี+ชมพู,2,0.639;0.663,0.639454185962677,0.651170402765274,0.6628866195678711,0.023432433605194092,1
สีเหลือง,สี+เหลือง,2,0.675;0.675,0.6747294068336487,0.674908846616745,0.6750882863998413,0.00035887956619262695,1
