thai,english,parts,n_parts,n_glossed,score_A,score_B,score_C
กลางคืน,night time,กลาง+คืน,2,2,0.0873516136183908,0.028278069393519723,0.6803282092859524
ผลไม้,fruit,ผล+ไม้,2,2,0.12066600934318714,0.11614433570436623,0.3714870990786447
ผลไม้,fruit,ผล+ไม้,2,2,0.12066600934318714,0.11614433570436623,0.3714870990786447
เหล้า,liquor; whisky,เห+ล้า,2,2,0.13025932119748954,0.046299904584884644,0.5195649919427872
เที่ยงคืน,"12 a.m., midnight",เที่ยง+คืน,2,2,0.15832174544011468,0.0310146882849559,0.625409389915601
เที่ยงคืน,"12 a.m., midnight",เที่ยง+คืน,2,2,0.15832174544011468,0.0310146882849559,0.625409389915601
แท็กซี่,taxi,แท็ก+ซี่,2,2,0.1657525021428306,0.03297090530395508,0.5233852131814699
แท็กซี่,taxi,แท็ก+ซี่,2,2,0.1657525021428306,0.03297090530395508,0.5233852131814699
กลางคืน,nighttime,กลาง+คืน,2,2,0.17928443219575935,0.10421805083751678,0.6803282092859524
เขย่า,to shake,เข+ย่า,2,2,0.18342797770450583,0.09243704929572638,0.9341018345378165
กระเทียม,garlic,กระ+เทียม,2,2,0.1840539231715857,0.04940730627818741,0.41395630312905274
กระเทียม,garlic,กระ+เทียม,2,2,0.1840539231715857,0.04940730627818741,0.41395630312905274
เท่าไร,how much,เท่า+ไร,2,2,0.18727266073922033,0.06880921125411987,0.665266258850614
มะเขือ,eggplant,มะ+เขือ,2,2,0.1876837620670608,0.13321341574192047,0.5462738382087172
มะเขือ,eggplant,มะ+เขือ,2,2,0.1876837620670608,0.13321341574192047,0.5462738382087172
เหล้า,whisky,เห+ล้า,2,2,0.19005497834000668,0.06067075580358505,0.5195649919427872
ภาคใต้,southern Thailand,ภาค+ใต้,2,2,0.1942265583523072,0.10908492559700761,0.805692652331897
ประเภท,type; kind; category,ประ+เภท,2,2,0.20110270000753858,0.04691339936336275,0.8150654250275208
ทำสวน,gardening,ทำ+สวน,2,2,0.20347456793017613,0.16016118228435516,0.7567833109352913
รถติด,traffic jam,รถ+ติด,2,2,0.20369319614099277,0.20082597434520721,0.8164403381111969
รถติด,traffic jam,รถ+ติด,2,2,0.20369319614099277,0.20082597434520721,0.8164403381111969
น้ำตาล,sugar,น้ำ+ตาล,2,2,0.20440488535309914,0.1259458140102514,0.3159218927639572
น้ำตาล,sugar,น้ำ+ตาล,2,2,0.20440488535309914,0.1259458140102514,0.3159218927639572
กรุงเทพ,Bangkok,กรุง+เทพ,2,2,0.20510233268589662,0.12185342609882355,0.46810740880178203
ชมพู่,rose apple,ชม+พู่,2,2,0.21694175612598582,0.19702303093809073,0.5849293481702796
ชมพู่,rose apple,ชม+พู่,2,2,0.21694175612598582,0.19702303093809073,0.5849293481702796
สีแยก,four-way intersection,สี+แยก,2,2,0.2234551240207973,0.18942939106050918,0.9509112734430988
กระโดด,to jump,กระ+โดด,2,2,0.22603730977558784,0.06844358554146204,0.6674157748940421
รถรับส่ง,shuttle bus,รถ+รับ+ส่ง,3,3,0.2294658087244337,0.12682078800449184,0.697043061301241
เครื่องเทศ,spice,เครื่อง+เทศ,2,2,0.2313505402514547,0.010143540799617767,0.8551618825048177
โกหก,to lie,โก+หก,2,2,0.23250644372384316,0.06665555039975347,0.4526163268903812
สะพาน,bridge,สะ+พาน,2,2,0.23525325541153178,0.13431749548420283,0.4122126125634227
สะพาน,bridge,สะ+พาน,2,2,0.23525325541153178,0.13431749548420283,0.4122126125634227
สับปะรด,pineapple,สับ+ปะ+รด,3,3,0.23620405939572062,0.13789024949073792,0.44262586084374994
สับปะรด,pineapple,สับ+ปะ+รด,3,3,0.23620405939572062,0.13789024949073792,0.44262586084374994
แสดง,to show,แส+ดง,2,2,0.24104402340126382,0.01332451482561319,0.7249899418530911
สวนสนุก,amusement park,สวน+สนุก,2,2,0.2538125796547199,0.27112056189057054,0.5247084280528526
สวนสนุก,amusement park,สวน+สนุก,2,2,0.2538125796547199,0.27112056189057054,0.5247084280528526
สวนสนุก,amusement park,สวน+สนุก,2,2,0.2538125796547199,0.27112056189057054,0.5247084280528526
สวนสนุก,amusement park,สวน+สนุก,2,2,0.2538125796547199,0.27112056189057054,0.5247084280528526
มันฝรั่ง,potato,มัน+ฝรั่ง,2,2,0.25430295002946635,0.18820065259933738,0.7196710516505006
เครื่องเทศ,spices,เครื่อง+เทศ,2,2,0.25606635427879587,0.030245503410696983,0.8551618825048177
รถไฟ,bicycle,รถ+ไฟ,2,2,0.2570539504658546,0.10169857740402222,0.4209161036069437
รถไฟ,bicycle,รถ+ไฟ,2,2,0.2570539504658546,0.10169857740402222,0.4209161036069437
พระจันทร์,moon,พระ+จันทร์,2,2,0.2623270546676552,0.12940754820243294,0.7492530116835583
พระจันทร์,moon,พระ+จันทร์,2,2,0.2623270546676552,0.12940754820243294,0.7492530116835583
พระอาทิตย์,sun,พระ+อาทิตย์,2,2,0.2716138121520586,0.09152797955608125,0.5644491273587103
พระอาทิตย์,sun,พระ+อาทิตย์,2,2,0.2716138121520586,0.09152797955608125,0.5644491273587103
ขอโทษ,"sorry, pardon, excuse me",ขอ+โทษ,2,2,0.2732200753719603,0.10190863162279273,0.9015331267581844
ขอโทษ,"pardon, sorry, excuse me",ขอ+โทษ,2,2,0.275421418575905,0.11252803429794186,0.9015331267581844
ดำเนิน,to conduct; to progress,ดำ+เนิน,2,2,0.2766563226509459,0.13015551803642297,0.6230163110652932
ขอโทษ,sorry; excuse me,ขอ+โทษ,2,2,0.2798905994269838,0.08243185789205337,0.9015331267581844
ภาคใต้,southern region,ภาค+ใต้,2,2,0.28168105130862764,0.14782377468489258,0.805692652331897
รสจัด,strong intense taste,รส+จัด,2,2,0.28247267940490667,0.2744351625442505,0.9247062602646652
ขอบใจ,thank you (to someone younger),ขอบ+ใจ,2,2,0.2884147693031427,0.24339036604108608,0.7033770289092104
ถ่ายรูป,take a photo,ถ่าย+รูป,2,2,0.2975055880820424,0.18629860877990723,0.8256499381163551
วันสงกรานต์,Songkran,วัน+สงกรานต์,2,2,0.2980367694935311,0.16420231248154118,0.7211206327801764
สวนสัตว์,zoo,สวน+สัตว์,2,2,0.3062285154135184,0.18154621124267578,0.6067322200129658
สวนสัตว์,zoo,สวน+สัตว์,2,2,0.3062285154135184,0.18154621124267578,0.6067322200129658
สวนสัตว์,zoo,สวน+สัตว์,2,2,0.3062285154135184,0.18154621124267578,0.6067322200129658
สวนสัตว์,zoo,สวน+สัตว์,2,2,0.3062285154135184,0.18154621124267578,0.6067322200129658
หน้าต่าง,window,หน้า+ต่าง,2,2,0.3089737863805687,0.17098631512955548,0.5222154795118952
ทุเรียน,durian,ทุ+เรียน,2,2,0.3140114577666484,0.166429340839386,0.9377812800317058
ทุเรียน,durian,ทุ+เรียน,2,2,0.3140114577666484,0.166429340839386,0.9377812800317058
มีหมอก,foggy,มี+หมอก,2,2,0.3184181975085947,0.2712191504966706,0.7515151181648082
มีหมอก,foggy,มี+หมอก,2,2,0.3184181975085947,0.2712191504966706,0.7515151181648082
ครอบครัว,family,ครอบ+ครัว,2,2,0.32149158594363425,0.14649364608450433,0.5584438966060108
ครอบครัว,family,ครอบ+ครัว,2,2,0.32149158594363425,0.14649364608450433,0.5584438966060108
ลำไย,longan,ลำ+ไย,2,2,0.32312581758769154,0.13394301437991943,0.9518691626212226
ลำไย,longan,ลำ+ไย,2,2,0.32312581758769154,0.13394301437991943,0.9518691626212226
วันสงกรานต์,Songkran; Thai New Year,วัน+สงกรานต์,2,2,0.32429801691039023,0.24105769395828247,0.7211206327801764
สี่แยก,"intersection, four-way junction",สี่+แยก,2,2,0.32672807369938944,0.37213961745972707,0.8926091433134283
ไม่เป็นไร,"it's ok, no problem",ไม่+เป็นไร,2,2,0.33288598445476525,0.4252912655646363,0.6842608789424074
รสจัด,strong; intense taste,รส+จัด,2,2,0.3399024080517663,0.31192266941070557,0.9247062602646652
คะน้า,kale,คะ+น้า,2,2,0.3413362593974198,0.23484678656776198,0.994489044702032
คะน้า,kale,คะ+น้า,2,2,0.3413362593974198,0.23484678656776198,0.994489044702032
ตกใจ,"to be frightened, to be shocked",ตก+ใจ,2,2,0.3455301669685304,0.35220364954515093,0.6788154241378416
ตอนเย็น,evening,ตอน+เย็น,2,2,0.35274382673472204,0.14227765798568726,0.4881473828297579
ตอนเย็น,evening,ตอน+เย็น,2,2,0.35274382673472204,0.14227765798568726,0.4881473828297579
กำลัง,verb+ing,กำ+ลัง,2,2,0.35341018093450055,0.13519243211701107,0.8433711481094747
แนะนำ,recommend; suggest,แนะ+นำ,2,2,0.35401261099343406,0.26074427366256714,0.8926208812392868
วันพระ,Buddhist holiday,วัน+พระ,2,2,0.35657710542999815,0.18361102743280197,0.9379747656559481
น้องชาย,younger brother,น้อง+ชาย,2,2,0.3620094703820574,0.3129151053974095,0.8669446597451106
น้องชาย,younger brother,น้อง+ชาย,2,2,0.3620094703820574,0.3129151053974095,0.8669446597451106
ตีสาม,3 a.m.,ตี+สาม,2,2,0.36553358929223445,0.2648390233516693,0.7086213990363257
ตีสาม,3 a.m.,ตี+สาม,2,2,0.36553358929223445,0.2648390233516693,0.7086213990363257
กำลัง,currently; -ing,กำ+ลัง,2,2,0.36629494331972695,0.19170801688981093,0.8433711481094747
จักรยาน,bicycle,จักร+ยาน,2,2,0.3673785779524322,0.22708210349082947,0.4014558694779912
จักรยาน,bicycle,จักร+ยาน,2,2,0.3673785779524322,0.22708210349082947,0.4014558694779912
รถเครื่อง,motorcycle,รถ+เครื่อง,2,2,0.36902649445206576,0.27100108689076224,0.8989293563538628
รถเครื่อง,motorcycle,รถ+เครื่อง,2,2,0.36902649445206576,0.27100108689076224,0.8989293563538628
ตีหนึ่ง,1 a.m.,ตี+หนึ่ง,2,2,0.3705893224769184,0.25641293861943115,0.8698182829855727
ตีหนึ่ง,1 a.m.,ตี+หนึ่ง,2,2,0.3705893224769184,0.25641293861943115,0.8698182829855727
ตุลาคม,October,ตุลา+คม,2,2,0.37076845438252526,0.14952659606933594,0.6423221972373317
ตุลาคม,October,ตุลา+คม,2,2,0.37076845438252526,0.14952659606933594,0.6423221972373317
ไม่เป็นไร,"never mind, it's okay",ไม่+เป็นไร,2,2,0.3749847016070306,0.48612576723098755,0.6842608789424074
น้ำอัดลม,soft drink; soda,น้ำ+อัดลม,2,2,0.3752028605793176,0.33864976994095863,0.7844964349228667
ขอบใจ,thank you,ขอบ+ใจ,2,2,0.37952849379557846,0.2065812919486339,0.7033770289092104
นานไหม,How long does it take,นาน+ไหม,2,2,0.3843419045516284,0.33335234721615,0.7663621427649343
ไว้ใจ,to trust,ไว้+ใจ,2,2,0.3843472978140966,0.31175390622066335,0.6691904079246854
เที่ยงวัน,"12 p.m., noon",เที่ยง+วัน,2,2,0.38456514974144773,0.3876418471336365,0.7631999952220971
เที่ยงวัน,"12 p.m., noon",เที่ยง+วัน,2,2,0.38456514974144773,0.3876418471336365,0.7631999952220971
หวัดดี,"hi, informal greeting",หวัด+ดี,2,2,0.38633555325784147,0.25667503476142883,0.9336764363724036
มะม่วง,mango,มะ+ม่วง,2,2,0.386694768196835,0.30743467807769775,0.6194104047587299
มะม่วง,mango,มะ+ม่วง,2,2,0.386694768196835,0.30743467807769775,0.6194104047587299
ตีห้า,5 a.m.,ตี+ห้า,2,2,0.39118047191266114,0.3112868666648865,0.8527008003372862
ตีห้า,5 a.m.,ตี+ห้า,2,2,0.39118047191266114,0.3112868666648865,0.8527008003372862
โรงแรม,hotel,โรง+แรม,2,2,0.3932276927508988,0.29014939069747925,0.4521087995236434
โรงแรม,hotel,โรง+แรม,2,2,0.3932276927508988,0.29014939069747925,0.4521087995236434
โรงแรม,hotel,โรง+แรม,2,2,0.3932276927508988,0.29014939069747925,0.4521087995236434
โรงแรม,hotel,โรง+แรม,2,2,0.3932276927508988,0.29014939069747925,0.4521087995236434
น้ำใจ,"kindness, goodwill",น้ำ+ใจ,2,2,0.39352152861039646,0.3697914999599159,0.7684130321113646
พี่สาว,elder sister,พี่+สาว,2,2,0.39456531412260065,0.329093167673727,0.689909930920521
พี่สาว,elder sister,พี่+สาว,2,2,0.39456531412260065,0.329093167673727,0.689909930920521
เท่าไร,how much; how many,เท่า+ไร,2,2,0.3947790067013526,0.318405419588089,0.665266258850614
หน่อไม้,bamboo shoot,หน่อ+ไม้,2,2,0.39575955704180305,0.33005320012886524,0.9130334844335982
หน่อไม้,bamboo shoot,หน่อ+ไม้,2,2,0.39575955704180305,0.33005320012886524,0.9130334844335982
ก่อสร้าง,construction,ก่อ+สร้าง,2,2,0.39817371357522685,0.3050690475147395,0.5124142767893562
ก่อสร้าง,construction,ก่อ+สร้าง,2,2,0.39817371357522685,0.3050690475147395,0.5124142767893562
เกรงใจ,"considerate, reluctant to encroach",เกรง+ใจ,2,2,0.3988881294503133,0.3402629900292134,0.931461587875145
ตีสอง,2 a.m.,ตี+สอง,2,2,0.40136715781004556,0.3148033320903778,0.7382015016666262
ตีสอง,2 a.m.,ตี+สอง,2,2,0.40136715781004556,0.3148033320903778,0.7382015016666262
น้ำแข็ง,ice,น้ำ+แข็ง,2,2,0.40163209372032993,0.2455393671989441,0.5737718046211794
น้ำแข็ง,ice,น้ำ+แข็ง,2,2,0.40163209372032993,0.2455393671989441,0.5737718046211794
พายุ,storm,พา+ยุ,2,2,0.40300987557480444,0.29948811528015823,0.6222844680466787
พายุ,storm,พา+ยุ,2,2,0.40300987557480444,0.29948811528015823,0.6222844680466787
รถสองแถว,minibus; shared taxi,รถ+สอง+แถว,3,3,0.40537127735748335,0.45917409658432007,0.7685592416304167
เกินไป,too much; excessively,เกิน+ไป,2,2,0.40730096672123306,0.4249630480960665,0.8598558039755064
แยกจ่าย,split bill,แยก+จ่าย,2,2,0.408257616938422,0.40404394268989563,0.937487740072978
แยกจ่าย,split bill,แยก+จ่าย,2,2,0.408257616938422,0.40404394268989563,0.937487740072978
สนามบิน,airport,สนาม+บิน,2,2,0.4098785382675975,0.3778438415713499,0.47529641599981165
สนามบิน,airport,สนาม+บิน,2,2,0.4098785382675975,0.3778438415713499,0.47529641599981165
สนามบิน,airport,สนาม+บิน,2,2,0.4098785382675975,0.3778438415713499,0.47529641599981165
สนามบิน,airport,สนาม+บิน,2,2,0.4098785382675975,0.3778438415713499,0.47529641599981165
อาหาร,food,อา+หาร,2,2,0.4100021505937863,0.30036279559135437,0.4425711198472985
อาหาร,food,อา+หาร,2,2,0.4100021505937863,0.30036279559135437,0.4425711198472985
วงเวียน,roundabout,วง+เวียน,2,2,0.41011330184601286,0.3674883167438696,0.8004798228006216
วงเวียน,roundabout,วง+เวียน,2,2,0.41011330184601286,0.3674883167438696,0.8004798228006216
ตีสี่,4 a.m.,ตี+สี่,2,2,0.41070410828915027,0.3256988823413849,0.8040871809437599
ตีสี่,4 a.m.,ตี+สี่,2,2,0.41070410828915027,0.3256988823413849,0.8040871809437599
มะเขือเทศ,tomato,มะเขือ+เทศ,2,2,0.41172102368555635,0.38244308620012696,0.8749109244500477
มะเขือเทศ,tomato,มะเขือ+เทศ,2,2,0.41172102368555635,0.38244308620012696,0.8749109244500477
น้ำอัดลม,soft drink,น้ำ+อัดลม,2,2,0.414249715413136,0.3263994053840283,0.7844964349228667
หัวเราะ,to laugh,หัว+เราะ,2,2,0.4199429132705903,0.3022240102291107,0.5811542185059049
วันพระ,Buddhist's day,วัน+พระ,2,2,0.4224761190217286,0.2630193390261733,0.9379747656559481
สีน้ำตาล,brown,สี+น้ำตาล,2,2,0.42782212921203194,0.2986651062965393,0.4445874973564131
แผนที่,map,แผน+ที่,2,2,0.4296084835972459,0.20250290632247925,0.5400337580147188
ทั้งหมด,"total, all",ทั้ง+หมด,2,2,0.4303144064161968,0.2551403337549765,0.8029584844159148
หวัดดี,hi (informal),หวัด+ดี,2,2,0.4317381382159197,0.2903628349304199,0.9336764363724036
ไม่คล่อง,"not fluent, not smooth",ไม่+คล่อง,2,2,0.43305045714407914,0.6043577790260315,0.7524572000707674
ฟ้าร้อง,thunder,ฟ้า+ร้อง,2,2,0.43425737984703017,0.40897860580555234,0.6963665325251014
ฟ้าร้อง,thunder,ฟ้า+ร้อง,2,2,0.43425737984703017,0.40897860580555234,0.6963665325251014
มะละกอ,papaya,มะ+ละ+กอ,3,3,0.4375480594401728,0.29364724717421814,0.8304339243177942
มะละกอ,papaya,มะ+ละ+กอ,3,3,0.4375480594401728,0.29364724717421814,0.8304339243177942
พี่ชาย,elder brother,พี่+ชาย,2,2,0.4408979604267319,0.3968494236469269,0.7811482376531441
พี่ชาย,elder brother,พี่+ชาย,2,2,0.4408979604267319,0.3968494236469269,0.7811482376531441
ไม่เป็นไร,"it is ok, never mind",ไม่+เป็นไร,2,2,0.4428856353335181,0.5283163785934448,0.6842608789424074
เกี่ยวกับ,"about, related to",เกี่ยว+กับ,2,2,0.44449630001760987,0.21169857680797577,0.8470108376958685
ไม่เป็นไร,it is okay; nevermind,ไม่+เป็นไร,2,2,0.44650817570364854,0.5005744994029104,0.6842608789424074
แขวน,to hang,แข+วน,2,2,0.4486924753861663,0.10754625291183588,0.837678886898132
ทางตัน,dead end,ทาง+ตัน,2,2,0.45053521681067776,0.32781288955365295,0.8843368568895298
ทางตัน,dead end,ทาง+ตัน,2,2,0.45053521681067776,0.32781288955365295,0.8843368568895298
เป็นอย่างไร,how have you been?,เป็น+อย่างไร,2,2,0.4511540597348434,0.45427786758874106,0.8532720789161381
สระว่ายน้ำ,swimming pool,สระ+ว่ายน้ำ,2,2,0.4521962648471978,0.4212482728806,0.8956547331576828
ทั้งหมด,all; total,ทั้ง+หมด,2,2,0.45346056762230924,0.27437984652759473,0.8029584844159148
สามแยก,three-way junction,สาม+แยก,2,2,0.453593532740545,0.5002059042576494,0.9132954861708303
ไม่คล่อง,not fluent,ไม่+คล่อง,2,2,0.45376457774562484,0.5025545358657837,0.7524572000707674
ที่แล้ว,last/ago,ที่+แล้ว,2,2,0.4537962955501896,0.38656795024871826,0.8568000021773162
ลิ้นจี่,lychee,ลิ้น+จี่,2,2,0.4556689366515124,0.33589303493499756,0.9493360797887682
สีดำ,black,สี+ดำ,2,2,0.4589011026950468,0.35534098744392395,0.8363977530062482
รถไฟ,train,รถ+ไฟ,2,2,0.4658190438133433,0.3246642142133968,0.4209161036069437
รถไฟ,train,รถ+ไฟ,2,2,0.4658190438133433,0.3246642142133968,0.4209161036069437
ผู้โดยสาร,passenger,ผู้+โดยสาร,2,2,0.46587489827463474,0.4520990521966846,0.726450025224598
ผู้โดยสาร,passenger,ผู้+โดยสาร,2,2,0.46587489827463474,0.4520990521966846,0.726450025224598
ฉันเหนื่อยแล้ว,I'm too tired,ฉัน+เหนื่อย+แล้ว,3,3,0.4659974917944518,0.4841119339532813,0.6541293819525669
เครงใจ,"considerate, respectful",เครง+ใจ,2,2,0.4703359010122456,0.381601557922549,0.8749514341844103
ผงซักฟอก,detergent,ผง+ซักฟอก,2,2,0.4706181986484405,0.4291478395462036,0.966368006644425
ผงซักฟอก,detergent,ผง+ซักฟอก,2,2,0.4706181986484405,0.4291478395462036,0.966368006644425
แม่ค้า,female merchant; seller,แม่+ค้า,2,2,0.4732139181163276,0.5262173382976844,0.7712935832752285
แน่นอน,"sure, certainly",แน่+นอน,2,2,0.47398796016149886,0.320285090242039,0.7208596012844875
ได้สิ,"sure, okay informal",ได้+สิ,2,2,0.47525340875018346,0.4010650099593413,0.9827940784262544
ทางลัด,shortcut,ทาง+ลัด,2,2,0.4769549557144964,0.3493311315376241,0.8047267554000002
ทางลัด,shortcut,ทาง+ลัด,2,2,0.4769549557144964,0.3493311315376241,0.8047267554000002
สามแยก,junction with three ways,สาม+แยก,2,2,0.48025596481249677,0.5472010160447945,0.9132954861708303
ขอบคุณ,thank you,ขอบ+คุณ,2,2,0.4817132085403707,0.3765719161374519,0.7236637892062697
ขอบคุณ,thank you,ขอบ+คุณ,2,2,0.4817132085403707,0.3765719161374519,0.7236637892062697
ขอบคุณ,thank you,ขอบ+คุณ,2,2,0.4817132085403707,0.3765719161374519,0.7236637892062697
ขอบคุณ,thank you,ขอบ+คุณ,2,2,0.4817132085403707,0.3765719161374519,0.7236637892062697
ห้องน้ำ,toilet,ห้อง+น้ำ,2,2,0.4833144858204926,0.39463743567466736,0.6018453796807388
ห้องน้ำ,toilet,ห้อง+น้ำ,2,2,0.4833144858204926,0.39463743567466736,0.6018453796807388
ไม่เก่ง,"not good at, unskilled",ไม่+เก่ง,2,2,0.4892359191228954,0.6339643001556396,0.6654152916491748
ที่แล้ว,ago; last,ที่+แล้ว,2,2,0.48997840617871885,0.41060906648635864,0.8568000021773162
น้องสาว,younger sister,น้อง+สาว,2,2,0.49287994815873387,0.4509953260421753,0.7285524549954147
น้องสาว,younger sister,น้อง+สาว,2,2,0.49287994815873387,0.4509953260421753,0.7285524549954147
ห้องน้ำ,toilet; bathroom,ห้อง+น้ำ,2,2,0.4934817379958572,0.4614216685295105,0.6018453796807388
ห้องน้ำ,toilet; bathroom,ห้อง+น้ำ,2,2,0.4934817379958572,0.4614216685295105,0.6018453796807388
สนใจ,to be interested in,สน+ใจ,2,2,0.4961647682875211,0.37527602910995483,0.8884993167525977
รถสองแถว,minibus,รถ+สอง+แถว,3,3,0.49730356197715436,0.4035899581664776,0.7685592416304167
ที่นี่ไหน,where is this place,ที่นี่+ไหน,2,2,0.49858915688315203,0.5266761779785156,0.9189909937203488
เมื่อวาน,yesterday,เมื่อ+วาน,2,2,0.5039318808321854,0.26334863901138306,0.8330221999215565
เมื่อวาน,yesterday,เมื่อ+วาน,2,2,0.5039318808321854,0.26334863901138306,0.8330221999215565
ประตู,door,ประ+ตู,2,2,0.5055857916978169,0.2825602889060974,0.5432300378780579
ประตู,door,ประ+ตู,2,2,0.5055857916978169,0.2825602889060974,0.5432300378780579
แม่ค้า,female merchant,แม่+ค้า,2,2,0.5069695583445574,0.5498994588851929,0.7712935832752285
ค่าห้อง,"room charge, room rate",ค่า+ห้อง,2,2,0.5076168299533098,0.5776789532708497,0.7587838665280721
เกินไป,too much,เกิน+ไป,2,2,0.5109955307783449,0.49332263986142155,0.8598558039755064
ตอนเช้า,morning,ตอน+เช้า,2,2,0.5175332713513898,0.21564365923404694,0.8061143008153473
ตอนเช้า,morning,ตอน+เช้า,2,2,0.5175332713513898,0.21564365923404694,0.8061143008153473
ตั้งแต่,from,ตั้ง+แต่,2,2,0.5194368060594473,0.3623221486382787,0.7666984865440118
พ่อค้า,male merchant; seller,พ่อ+ค้า,2,2,0.5194437334749099,0.5700285947288758,0.8110162927267207
น่ารัก,lovely; cute,น่า+รัก,2,2,0.5201752554749531,0.43291025953950046,0.7655634213518403
ของหวาน,dessert,ของ+หวาน,2,2,0.5243875337098427,0.4627718925476074,0.837386805438485
เมฆมาก,cloudy,เมฆ+มาก,2,2,0.5245875452837035,0.5459366711415883,0.7808799404927448
เมฆมาก,cloudy,เมฆ+มาก,2,2,0.5245875452837035,0.5459366711415883,0.7808799404927448
วางแผน,to plan,วาง+แผน,2,2,0.5246257278783457,0.4106493592262268,0.8372408100022377
เงินทอน,change (money),เงิน+ทอน,2,2,0.5250272471494368,0.5367139897772067,0.8424387974731311
เงินทอน,change (money),เงิน+ทอน,2,2,0.5250272471494368,0.5367139897772067,0.8424387974731311
เป็นคน,"to be a person, nationality marker",เป็น+คน,2,2,0.5255128147106198,0.5853464952317772,0.796802212791799
อยู่ทีมุม,at the corner,อยู่+ที+มุม,3,3,0.5274018745895844,0.3625323176383972,0.8001561043860456
อยู่ที่มุม,at the corner,อยู่+ที่+มุม,3,3,0.5308438025427319,0.39611995220184326,0.7104829307440073
สีแดง,red,สี+แดง,2,2,0.5314429407242295,0.4562143087387085,0.8612255429874615
ดำน้ำ,diving,ดำ+น้ำ,2,2,0.5330899406705871,0.41333234310150146,0.6302418361885584
ลิ้นจี๋,lychee,ลิ้น+จี๋,2,2,0.538240576011042,0.4347766637802124,0.9700275617912149
ทำผิด,to make a mistake,ทำ+ผิด,2,2,0.542675694981538,0.6219042910280401,0.8321530801874824
ไม่ค่อย,"barely, hardly, not very",ไม่+ค่อย,2,2,0.5428447716168504,0.5489359498023987,0.6817667836728992
ข้ามถนน,cross the road,ข้าม+ถนน,2,2,0.5468356684156976,0.5295500439673674,0.7079667830738008
ข้ามถนน,cross the road,ข้าม+ถนน,2,2,0.5468356684156976,0.5295500439673674,0.7079667830738008
ต้องการ,"to want, to need",ต้อง+การ,2,2,0.5470824521846566,0.47772183748743813,0.8898291163458373
รถตู้,van,รถ+ตู้,2,2,0.5515962462928956,0.28494447469711304,0.6785525743459753
รถตู้,van,รถ+ตู้,2,2,0.5515962462928956,0.28494447469711304,0.6785525743459753
พ่อค้า,male merchant,พ่อ+ค้า,2,2,0.5554266650856151,0.6065826054464261,0.8110162927267207
เครื่องบิน,airplane,เครื่อง+บิน,2,2,0.5564813837056312,0.4998147785774041,0.6399100452322845
เครื่องบิน,airplane,เครื่อง+บิน,2,2,0.5564813837056312,0.4998147785774041,0.6399100452322845
ยกเว้น,except,ยก+เว้น,2,2,0.5580015712164664,0.4075465202331543,0.6413892379846625
ฝากเงิน,deposit money,ฝาก+เงิน,2,2,0.5596280511870356,0.522951602935791,0.8086258586912692
ฝากเงิน,deposit money,ฝาก+เงิน,2,2,0.5596280511870356,0.522951602935791,0.8086258586912692
อันไหน,which one,อัน+ไหน,2,2,0.560154318146955,0.39326197980558514,0.7209320673087152
อันไหน,which one,อัน+ไหน,2,2,0.560154318146955,0.39326197980558514,0.7209320673087152
วันหยุด,day off; holiday,วัน+หยุด,2,2,0.5625149324315284,0.6276691555976868,0.5451247028762297
ถุงเท้า,socks,ถุง+เท้า,2,2,0.564060315508492,0.5448727554234558,0.695981722311077
ถุงเท้า,socks,ถุง+เท้า,2,2,0.564060315508492,0.5448727554234558,0.695981722311077
ได้ไหม,"can you?, is it possible?",ได้+ไหม,2,2,0.5645429401991755,0.4145192998074636,0.9523219130325994
เดินทาง,to travel,เดิน+ทาง,2,2,0.5668494823108833,0.4809195399284363,0.8222947317723944
ตรงข้าม,opposite,ตรง+ข้าม,2,2,0.5676852361698593,0.39572622750557823,0.5798428850345589
ตรงข้าม,opposite,ตรง+ข้าม,2,2,0.5676852361698593,0.39572622750557823,0.5798428850345589
ถอนเงิน,withdraw money,ถอน+เงิน,2,2,0.5678536664440047,0.5884736776351929,0.8827110283014413
ถอนเงิน,withdraw money,ถอน+เงิน,2,2,0.5678536664440047,0.5884736776351929,0.8827110283014413
พูดเล่น,to joke,พูด+เล่น,2,2,0.5697955069134655,0.4982020555855069,0.7108549185128445
ช่วงนี้,during this time,ช่วง+นี้,2,2,0.571871311947414,0.5540100336074829,0.8062736577495727
คนขับ,driver,คน+ขับ,2,2,0.5732508123228457,0.6388252162233123,0.6804604722882398
สีฟ้า,"light blue, sky blue",สี+ฟ้า,2,2,0.5739078879392905,0.5789088010787964,0.5129589358927246
ภูเขา,mountain,ภู+เขา,2,2,0.5748476575309501,0.3633905053138733,0.5380666777964571
ภูเขา,mountain,ภู+เขา,2,2,0.5748476575309501,0.3633905053138733,0.5380666777964571
ภูเขา,mountain,ภู+เขา,2,2,0.5748476575309501,0.3633905053138733,0.5380666777964571
ภูเขา,mountain,ภู+เขา,2,2,0.5748476575309501,0.3633905053138733,0.5380666777964571
ได้รับ,"to get, to receive",ได้+รับ,2,2,0.5753097847272526,0.3115464336601754,0.8296567843119441
เป็ดโมงเช้า,8 a.m.,เป็ด+โมง+เช้า,3,3,0.5762560392443794,0.5363284116378528,0.7652336214908398
ห้าโมงเย็น,5 p.m.,ห้า+โมง+เย็น,3,3,0.576421807487487,0.6941649317741394,0.7213115097315199
ห้าโมงเย็น,5 p.m.,ห้า+โมง+เย็น,3,3,0.576421807487487,0.6941649317741394,0.7213115097315199
ชายหาด,beach,ชาย+หาด,2,2,0.5771882699138793,0.5382848106792456,0.7564976555150212
ชายหาด,beach,ชาย+หาด,2,2,0.5771882699138793,0.5382848106792456,0.7564976555150212
กี่โมง,what time,กี่+โมง,2,2,0.5783595160313717,0.7103847516041698,0.5400790150595782
หกโมงเย็น,6 p.m.,หก+โมง+เย็น,3,3,0.5820099027314841,0.6808680701773209,0.7205731940512164
หกโมงเย็น,6 p.m.,หก+โมง+เย็น,3,3,0.5820099027314841,0.6808680701773209,0.7205731940512164
ความหมาย,meaning,ความ+หมาย,2,2,0.5872484116058452,0.5313336290518776,0.9131953395581627
ได้อย่างไร,how to reach,ได้+อย่างไร,2,2,0.587788177343616,0.6100344657897949,0.9253660826599505
ช่วยด้วย,help me,ช่วย+ด้วย,2,2,0.5894260855373613,0.5347394901824605,0.8597410209364338
วันที่,date,วัน+ที่,2,2,0.5902363465842674,0.44546782970428467,0.8529117313555774
วันที่,date,วัน+ที่,2,2,0.5902363465842674,0.44546782970428467,0.8529117313555774
เตียงคู่,double bed,เตียง+คู่,2,2,0.5903164082731412,0.4839686443787005,0.9380304119865618
สักครู่,a moment; a while,สัก+ครู่,2,2,0.591499001909473,0.5337083657806138,0.7886546901849383
ลาก่อน,goodbye,ลา+ก่อน,2,2,0.594704558377775,0.43771317229945494,0.6843482598895125
ลาก่อน,goodbye,ลา+ก่อน,2,2,0.594704558377775,0.43771317229945494,0.6843482598895125
สีเทา,grey,สี+เทา,2,2,0.5997690706764359,0.5516352653503418,0.7318807248625953
สี่โมงเย็น,4 p.m.,สี่+โมง+เย็น,3,3,0.6006962216443205,0.6923869068853203,0.6923689857065215
สี่โมงเย็น,4 p.m.,สี่+โมง+เย็น,3,3,0.6006962216443205,0.6923869068853203,0.6923689857065215
แล้วเจอกัน,see you later,แล้ว+เจอกัน,2,2,0.6028546941089741,0.5120655298233032,0.9062620996033377
ดูหนัง,watch a movie,ดู+หนัง,2,2,0.6046962686233373,0.5542825726102288,0.6013554075427899
ตัวเอง,"myself, self, reflexive",ตัว+เอง,2,2,0.6055260061943216,0.6847203969955444,0.7390178900317624
อาหารเย็น,dinner,อาหาร+เย็น,2,2,0.6073476260729667,0.5856340033571703,0.4866634285751203
ทุกวัน,"every day, everyday",ทุก+วัน,2,2,0.6096970644533597,0.8398383664892127,0.6599558258799304
พริกป่น,chili powder,พริก+ป่น,2,2,0.6122167413057223,0.7310315370559692,0.8418778234321606
น้ำท่วม,flooding,น้ำ+ท่วม,2,2,0.6135984420809237,0.5967921374316297,0.8002446965018882
น้ำท่วม,flooding,น้ำ+ท่วม,2,2,0.6135984420809237,0.5967921374316297,0.8002446965018882
ของหวาน,dessert; sweet,ของ+หวาน,2,2,0.6165840615888405,0.5705925226211548,0.837386805438485
กลางวัน,day time,กลาง+วัน,2,2,0.6172800400831343,0.6473742723464966,0.8289084437094278
ถูกต้อง,correct,ถูก+ต้อง,2,2,0.6176499934183913,0.38997348487219125,0.8594145527343402
วันสิ้นปี,New Year's Eve,วัน+สิ้นปี,2,2,0.6186927581446519,0.6664742429821781,0.9006954160652111
วันสิ้นปี,New Year's Eve,วัน+สิ้นปี,2,2,0.6186927581446519,0.6664742429821781,0.9006954160652111
แดดมาก,sunny,แดด+มาก,2,2,0.6210802900410762,0.569538950920105,0.7883437173951632
แดดมาก,sunny,แดด+มาก,2,2,0.6210802900410762,0.569538950920105,0.7883437173951632
ทำอาหาร,cooking,ทำ+อาหาร,2,2,0.6218978111011448,0.5757528037730201,0.6353522751996716
แลกเงิน,exchange money,แลก+เงิน,2,2,0.623541776823259,0.6669634580612183,0.930870227094079
วันอาทิตย์,Sunday,วัน+อาทิตย์,2,2,0.6249472415346166,0.5310786962509155,0.6790426297914793
วันอาทิตย์,Sunday,วัน+อาทิตย์,2,2,0.6249472415346166,0.5310786962509155,0.6790426297914793
จนถึง,until,จน+ถึง,2,2,0.6250280829022284,0.5835614204406738,0.7464877245762365
สีชมพู,pink,สี+ชมพู,2,2,0.6297060498928543,0.5887750387191772,0.8084124536765647
กี่บาท,how much (baht),กี่+บาท,2,2,0.6367088714055746,0.6878666095654136,0.7772775144114237
เดินป่า,hiking,เดิน+ป่า,2,2,0.6376189568937902,0.5939392205440533,0.8939345243226029
มีลม,windy,มี+ลม,2,2,0.638530326278078,0.549341851551312,0.6418518741854777
มีลม,windy,มี+ลม,2,2,0.638530326278078,0.549341851551312,0.6418518741854777
น้ำตก,waterfall,น้ำ+ตก,2,2,0.6391434205641211,0.5066908009875758,0.7650218626943446
น้ำตก,waterfall,น้ำ+ตก,2,2,0.6391434205641211,0.5066908009875758,0.7650218626943446
น้ำตก,waterfall,น้ำ+ตก,2,2,0.6391434205641211,0.5066908009875758,0.7650218626943446
น้ำตก,waterfall,น้ำ+ตก,2,2,0.6391434205641211,0.5066908009875758,0.7650218626943446
น่ารัก,lovely,น่า+รัก,2,2,0.6396883967005195,0.4636891462617604,0.7655634213518403
เพิ่งจะ,have just; has just,เพิ่ง+จะ,2,2,0.641133646091493,0.5025655926803108,0.8367845732946911
ชื่ออะไร,what is your name?,ชื่อ+อะไร,2,2,0.6411806550252883,0.7688334859808104,0.8780953094191181
วันหยุด,day off,วัน+หยุด,2,2,0.6433873642922244,0.6835666298866272,0.5451247028762297
ตกปลา,fishing,ตก+ปลา,2,2,0.6446721037893169,0.5941178798675537,0.7002015265820392
ผ้าเช็ดตัว,towel,ผ้า+เช็ดตัว,2,2,0.6450855695102538,0.6076678995888173,0.8718711194961097
ยังไม่รู้,still don't know,ยัง+ไม่+รู้,3,3,0.646185374694983,0.7612603306770325,0.6082503103749105
ตอนบ่าย,afternoon,ตอน+บ่าย,2,2,0.6470076087212945,0.46154698729515076,0.8526558672653697
ตอนบ่าย,afternoon,ตอน+บ่าย,2,2,0.6470076087212945,0.46154698729515076,0.8526558672653697
ร้านอาหาร,restaurant,ร้าน+อาหาร,2,2,0.6524141032992731,0.5991406440734863,0.8783728005588448
ร้านอาหาร,restaurant,ร้าน+อาหาร,2,2,0.6524141032992731,0.5991406440734863,0.8783728005588448
ร้านอาหาร,restaurant,ร้าน+อาหาร,2,2,0.6524141032992731,0.5991406440734863,0.8783728005588448
ร้านอาหาร,restaurant,ร้าน+อาหาร,2,2,0.6524141032992731,0.5991406440734863,0.8783728005588448
สี่ทุ่ม,10 p.m.,สี่+ทุ่ม,2,2,0.6537883651614419,0.7108088135719299,0.797256502510383
สี่ทุ่ม,10 p.m.,สี่+ทุ่ม,2,2,0.6537883651614419,0.7108088135719299,0.797256502510383
ห้าทุ่ม,11 p.m.,ห้า+ทุ่ม,2,2,0.6566012810509781,0.7289775286886104,0.8696054415747781
ห้าทุ่ม,11 p.m.,ห้า+ทุ่ม,2,2,0.6566012810509781,0.7289775286886104,0.8696054415747781
มาจากไหน,where do you come from?,มาจาก+ไหน,2,2,0.6587807513560048,0.8052245858445517,0.7947467603682319
กี่วัน,how many days,กี่+วัน,2,2,0.6588955144552597,0.9345874190330505,0.6535683614599254
เป็นมิตร,friendly,เป็น+มิตร,2,2,0.6592653673315214,0.6775801989531754,0.8123283057285315
เป็นมิตร,friendly,เป็น+มิตร,2,2,0.6592653673315214,0.6775801989531754,0.8123283057285315
สิบโมง,10 a.m.,สิบ+โมง,2,2,0.6613488182337318,0.7298824513098655,0.8310642505253729
สิบโมง,10 a.m.,สิบ+โมง,2,2,0.6613488182337318,0.7298824513098655,0.8310642505253729
ตรงไป,go straight,ตรง+ไป,2,2,0.6637077332462447,0.6296554803848267,0.9105587477615373
ตรงไป,go straight,ตรง+ไป,2,2,0.6637077332462447,0.6296554803848267,0.9105587477615373
ท่าเรือ,"pier, dock",ท่า+เรือ,2,2,0.6648145630813477,0.6300375241063549,0.7852420708500515
หกโมงเช้า,6 a.m.,หก+โมง+เช้า,3,3,0.6651303009345123,0.7799823617914127,0.8183773607844502
หกโมงเช้า,6 a.m.,หก+โมง+เช้า,3,3,0.6651303009345123,0.7799823617914127,0.8183773607844502
รองเท้า,shoes,รอง+เท้า,2,2,0.6664913133004924,0.6075564985010921,0.7794027182701065
รองเท้า,shoes,รอง+เท้า,2,2,0.6664913133004924,0.6075564985010921,0.7794027182701065
น้ำปลา,fish sauce,น้ำ+ปลา,2,2,0.6665853373740007,0.7108145183810305,0.8607325413714798
น้ำปลา,fish sauce,น้ำ+ปลา,2,2,0.6665853373740007,0.7108145183810305,0.8607325413714798
ก็ดี,"good, not bad (informal)",ก็+ดี,2,2,0.6675607464378683,0.6932247098222202,0.8674996877599982
อย่างไร,how; what,อย่าง+ไร,2,2,0.6684158168615839,0.6730988415361832,0.7662844040813374
ส้มโอ,pomelo,ส้ม+โอ,2,2,0.6691531628691245,0.5529097648209194,0.8718277288615285
ส้มโอ,pomelo,ส้ม+โอ,2,2,0.6691531628691245,0.5529097648209194,0.8718277288615285
มาจาก,come from; originate from,มา+จาก,2,2,0.6712286942132595,0.8788595579015356,0.8461171142968238
เจ็ดโมงเช้า,7 a.m.,เจ็ด+โมง+เช้า,3,3,0.6727661616227334,0.8080452933392396,0.8128141985470488
เจ็ดโมงเช้า,7 a.m.,เจ็ด+โมง+เช้า,3,3,0.6727661616227334,0.8080452933392396,0.8128141985470488
ขวามือ,right side,ขวา+มือ,2,2,0.6728493006885913,0.7214158011326671,0.8202188447892187
ขวามือ,right side,ขวา+มือ,2,2,0.6728493006885913,0.7214158011326671,0.8202188447892187
เครื่องดื่ม,beverage; drink,เครื่อง+ดื่ม,2,2,0.6733786082621969,0.6178604364395142,0.825371018120904
สีน้ำเงิน,"deep blue, navy blue",สี+น้ำเงิน,2,2,0.6752506322050822,0.6942425601771546,0.6071273011767445
สีเหลือง,yellow,สี+เหลือง,2,2,0.6778237885719103,0.5748878717422485,0.823872242081209
คนเดียว,"one person, alone",คน+เดียว,2,2,0.6783841079314715,0.6876309327859242,0.649548077170614
สามทุ่ม,9 p.m.,สาม+ทุ่ม,2,2,0.679138636174544,0.743902281290162,0.7609106184737956
สามทุ่ม,9 p.m.,สาม+ทุ่ม,2,2,0.679138636174544,0.743902281290162,0.7609106184737956
ชื่อเล่น,nickname,ชื่อ+เล่น,2,2,0.6795447756979849,0.5818364370963834,0.8653565390576871
ชื่อเล่น,nickname,ชื่อ+เล่น,2,2,0.6795447756979849,0.5818364370963834,0.8653565390576871
ชื่อเล่น,nickname,ชื่อ+เล่น,2,2,0.6795447756979849,0.5818364370963834,0.8653565390576871
น้ำเปล่า,plain water,น้ำ+เปล่า,2,2,0.680861003548686,0.7312504053115845,0.747824494523739
ผู้คน,people,ผู้+คน,2,2,0.6815021279222104,0.5315828881760969,0.839435431315283
เข้าใจ,understand,เข้า+ใจ,2,2,0.6832030521475837,0.4268374443054199,0.826328422517589
เก้าโมงเช้า,9 a.m.,เก้า+โมง+เช้า,3,3,0.6833773757055338,0.8041485548019409,0.8263799077978919
เก้าโมงเช้า,9 a.m.,เก้า+โมง+เช้า,3,3,0.6833773757055338,0.8041485548019409,0.8263799077978919
ดิฉัน,I (female polite),ดิ+ฉัน,2,2,0.6856069426734905,0.6854966095385915,0.9372779860756624
ออกจาก,to leave from,ออก+จาก,2,2,0.687227462289655,0.785578727722168,0.8613968566151409
เครื่องดื่ม,beverage,เครื่อง+ดื่ม,2,2,0.6901863503476963,0.605377197265625,0.825371018120904
แปดโมงเช้า,8 a.m.,แปด+โมง+เช้า,3,3,0.6912656073508582,0.8200647616463616,0.8313395444724879
ไม่รวม,not included,ไม่+รวม,2,2,0.6928335105200244,0.7916199440729584,0.768714232068369
สิบเอ็ดโมง,11 a.m.,สิบเอ็ด+โมง,2,2,0.693151574715933,0.748183012008667,0.8530871635898338
สิบเอ็ดโมง,11 a.m.,สิบเอ็ด+โมง,2,2,0.693151574715933,0.748183012008667,0.8530871635898338
หนึ่งทุ่ม,7 p.m.,หนึ่ง+ทุ่ม,2,2,0.6945684606955662,0.7780728340148926,0.8264590467093402
หนึ่งทุ่ม,7 p.m.,หนึ่ง+ทุ่ม,2,2,0.6945684606955662,0.7780728340148926,0.8264590467093402
กลางวัน,daytime,กลาง+วัน,2,2,0.6946532310985686,0.670473853973976,0.8289084437094278
มีน้ำใจ,"kind, generous",มี+น้ำใจ,2,2,0.6984268566011129,0.7374327026267471,0.8186022609124245
ฝนตกหนัก,heavy raining,ฝน+ตกหนัก,2,2,0.7011614973489515,0.7778411176394084,0.7858939407227337
สองทุ่ม,8 p.m.,สอง+ทุ่ม,2,2,0.7025919521313749,0.7562336921691895,0.7318906313452019
สองทุ่ม,8 p.m.,สอง+ทุ่ม,2,2,0.7025919521313749,0.7562336921691895,0.7318906313452019
ไม่เก่ง,not good at,ไม่+เก่ง,2,2,0.7029600471773482,0.8599104881286621,0.6654152916491748
นาที,minute,นา+ที,2,2,0.7031698194616047,0.5757566780753923,0.6598563756764159
นาที,minute,นา+ที,2,2,0.7031698194616047,0.5757566780753923,0.6598563756764159
ฝนตกหนัก,heavy rain,ฝน+ตกหนัก,2,2,0.7040270412885431,0.7704521691260137,0.7858939407227337
ฤดูร้อน,summer,ฤดู+ร้อน,2,2,0.707083063031772,0.6448699620288588,0.7125503199123128
ฤดูร้อน,summer,ฤดู+ร้อน,2,2,0.707083063031772,0.6448699620288588,0.7125503199123128
ร้องเพลง,to sing,ร้อง+เพลง,2,2,0.7101432935782638,0.5909941900961605,0.8107575334108879
ชอบไปวัด,like to go to the temple,ชอบ+ไป+วัด,3,3,0.7139644057396236,0.9771294566547188,0.49898693686590506
พูดไทยได้,can speak Thai,พูด+ไทย+ได้,3,3,0.7169732283958796,0.8764791635895772,0.7210362023841188
เพราะว่า,because,เพราะ+ว่า,2,2,0.7185738115653383,0.5928835272789086,0.9346937803440732
เพราะว่า,because,เพราะ+ว่า,2,2,0.7185738115653383,0.5928835272789086,0.9346937803440732
บางครั้ง,sometimes,บาง+ครั้ง,2,2,0.719426311972111,0.6416621208190918,0.7309130023898192
เข้าใจ,to understand,เข้า+ใจ,2,2,0.7221620494599056,0.5375129029170159,0.826328422517589
ฝนตก,raining,ฝน+ตก,2,2,0.7230395414042452,0.7017004908144766,0.721757794705301
ฝนตก,raining,ฝน+ตก,2,2,0.7230395414042452,0.7017004908144766,0.721757794705301
สบายดี,"good, well, fine",สบาย+ดี,2,2,0.7250514236905636,0.45701593673039237,0.9364438359938073
รสชาติ,flavor,รส+ชาติ,2,2,0.725998576636305,0.8040664196014404,0.8614085635731544
สบายดี,"good, fine, well",สบาย+ดี,2,2,0.7263438575373004,0.462204905616948,0.9364438359938073
เพิ่งจะ,have just,เพิ่ง+จะ,2,2,0.726615650089247,0.5145795652019718,0.8367845732946911
เวียดนาม,Vietnamese,เวียด+นาม,2,2,0.7276124117530072,0.7164699177181819,0.498139479519628
เวียดนาม,Vietnamese,เวียด+นาม,2,2,0.7276124117530072,0.7164699177181819,0.498139479519628
กำลังจะ,going to; about to,กำลัง+จะ,2,2,0.7278520637462824,0.7424735426902771,0.8058092748100749
เงินสด,cash,เงิน+สด,2,2,0.7296160819761736,0.7419553995132446,0.845896208166671
เงินสด,cash,เงิน+สด,2,2,0.7296160819761736,0.7419553995132446,0.845896208166671
ที่ไหน,where?,ที่+ไหน,2,2,0.7301014132095798,0.7235068945296851,0.778835305967657
กาแฟเย็น,iced coffee,กาแฟ+เย็น,2,2,0.73135557553398,0.8716371059417725,0.8250575178459927
กาแฟเย็น,iced coffee,กาแฟ+เย็น,2,2,0.73135557553398,0.8716371059417725,0.8250575178459927
มะนาว,lime,มะ+นาว,2,2,0.7327627730567503,0.6960976486089648,0.46703683034990673
มะนาว,lime,มะ+นาว,2,2,0.7327627730567503,0.6960976486089648,0.46703683034990673
ที่ตลาด,at the market,ที่+ตลาด,2,2,0.7334523703478176,0.6930606365203857,0.863685040998067
ที่ตลาด,at the market,ที่+ตลาด,2,2,0.7334523703478176,0.6930606365203857,0.863685040998067
บ่ายสามโมง,3 p.m.,บ่าย+สาม+โมง,3,3,0.7346822595970506,0.8233635425567627,0.7747867051336366
บ่ายสามโมง,3 p.m.,บ่าย+สาม+โมง,3,3,0.7346822595970506,0.8233635425567627,0.7747867051336366
ที่นั่ง,seat,ที่+นั่ง,2,2,0.734765544220768,0.7611253261566162,0.8442285482223442
ที่นั่ง,seat,ที่+นั่ง,2,2,0.734765544220768,0.7611253261566162,0.8442285482223442
บ่ายโมงครึ่ง,1:30 p.m.,บ่ายโมง+ครึ่ง,2,2,0.7352511368483254,0.8484603672301988,0.8417440020141197
ต่อสู้,to fight,ต่อ+สู้,2,2,0.7380894954972889,0.7930273290292816,0.792192468854143
ที่ไหน,where,ที่+ไหน,2,2,0.7403028774533539,0.6863722614271797,0.778835305967657
ที่ไหน,where,ที่+ไหน,2,2,0.7403028774533539,0.6863722614271797,0.778835305967657
ที่ไหน,where,ที่+ไหน,2,2,0.7403028774533539,0.6863722614271797,0.778835305967657
อาบแดด,sunbathe,อาบ+แดด,2,2,0.7429709766463145,0.7390564680099487,0.8608560730595866
อาบแดด,sunbathe,อาบ+แดด,2,2,0.7429709766463145,0.7390564680099487,0.8608560730595866
อะไร,what,อะ+ไร,2,2,0.743718721990553,0.3324710726737976,0.8784527722790035
ซ้ายมือ,left side,ซ้าย+มือ,2,2,0.7453080387751173,0.7363034172419781,0.8494765598300614
ซ้ายมือ,left side,ซ้าย+มือ,2,2,0.7453080387751173,0.7363034172419781,0.8494765598300614
ไม่ได้,"cannot, unable to, didn't",ไม่+ได้,2,2,0.7454180710801348,0.8181885480880737,0.7726802568796505
ไม่ใช่,no,ไม่+ใช่,2,2,0.7470890849137173,0.6498971164103885,0.8212177709617963
กำลังจะ,going to,กำลัง+จะ,2,2,0.7506033134172202,0.7427217210961414,0.8058092748100749
โทรหา,"to call, to telephone",โทร+หา,2,2,0.7513692898292903,0.6671302914619446,0.8767897316258131
ทางไหน,which way,ทาง+ไหน,2,2,0.7517287987617419,0.6998513758093938,0.8225937050980928
ทางไหน,which way,ทาง+ไหน,2,2,0.7517287987617419,0.6998513758093938,0.8225937050980928
อย่าไป,don't go,อย่า+ไป,2,2,0.7521238695699836,0.8860117521313904,0.8167582309419333
อย่าไป,don't go,อย่า+ไป,2,2,0.7521238695699836,0.8860117521313904,0.8167582309419333
เล็กน้อย,a little bit,เล็ก+น้อย,2,2,0.7526825606385309,0.6654316782951355,0.944465425437239
มากกว่า,"more than, prefer",มาก+กว่า,2,2,0.7536185732035723,0.6580524836809923,0.8666756575194238
ไม่ใช่,"not, is not",ไม่+ใช่,2,2,0.7566786374820844,0.7089217305183411,0.8212177709617963
มีนาคม,March,มีนา+คม,2,2,0.7588025540047422,0.6540012153387794,0.5825214108450918
มีนาคม,March,มีนา+คม,2,2,0.7588025540047422,0.6540012153387794,0.5825214108450918
ประเทศ,country,ประ+เทศ,2,2,0.7589574221464925,0.48923927353130353,0.7905209557072796
ประเทศ,country,ประ+เทศ,2,2,0.7589574221464925,0.48923927353130353,0.7905209557072796
บ่ายสองโมง,2 p.m.,บ่าย+สอง+โมง,3,3,0.759429896019765,0.8251780867576599,0.799155707514845
บ่ายสองโมง,2 p.m.,บ่าย+สอง+โมง,3,3,0.759429896019765,0.8251780867576599,0.799155707514845
ตั๋วเที่ยวเดียว,one way ticket,ตั๋ว+เที่ยว+เดียว,3,3,0.7599834663892493,0.6621448792305517,0.8130494168009628
อยากได้,want to get,อยาก+ได้,2,2,0.7603604585608698,0.6554210782051086,0.8734512940098589
สิงหาคม,August,สิงหา+คม,2,2,0.7616284575230282,0.6738276481628418,0.5235359694908361
สิงหาคม,August,สิงหา+คม,2,2,0.7616284575230282,0.6738276481628418,0.5235359694908361
มีชื่อเล่น,to have a nickname,มี+ชื่อเล่น,2,2,0.7618559894949485,0.872377336025238,0.849127111014787
ทุกวัน,everyday,ทุก+วัน,2,2,0.7654408825886952,0.8908356298012261,0.6599558258799304
พรุ่งนี้,tomorrow,พรุ่ง+นี้,2,2,0.7654680765600251,0.7863011360168457,0.5050575689410771
พรุ่งนี้,tomorrow,พรุ่ง+นี้,2,2,0.7654680765600251,0.7863011360168457,0.5050575689410771
ที่แลกเงิน,money exchange,ที่+แลกเงิน,2,2,0.7657777659268445,0.8342817824222752,0.8764847417576028
ได้อย่างไร,how,ได้+อย่างไร,2,2,0.7679412047168005,0.63597571849823,0.9253660826599505
กลายเป็น,to become,กลาย+เป็น,2,2,0.7704586342453694,0.6886446925746563,0.9230181794122205
สถานที่,place; location,สถาน+ที่,2,2,0.7709836049765484,0.72208054530141,0.8887345240903354
สบายดี,"good, fine",สบาย+ดี,2,2,0.771692267353957,0.4824118039117093,0.9364438359938073
ความสุข,happiness,ความ+สุข,2,2,0.7734232169825417,0.7588494276314632,0.7971334699368966
ความสุข,happiness,ความ+สุข,2,2,0.7734232169825417,0.7588494276314632,0.7971334699368966
ที่นี่,here,ที่+นี่,2,2,0.7775110777435869,0.6331553836557497,0.8751709622368748
ที่นี่,here,ที่+นี่,2,2,0.7775110777435869,0.6331553836557497,0.8751709622368748
ปั๊มน้ำมัน,gas station,ปั๊ม+น้ำมัน,2,2,0.7778295416926374,0.8066596984863281,0.8344965655558645
ไม่ได้,"cannot, unable to",ไม่+ได้,2,2,0.7780056047148443,0.8648135662078857,0.7726802568796505
อะไร,what?,อะ+ไร,2,2,0.7823131304173184,0.3091069459915161,0.8784527722790035
ธันวาคม,December,ธันวา+คม,2,2,0.7826032086754023,0.754061758518219,0.4121022184914865
ธันวาคม,December,ธันวา+คม,2,2,0.7826032086754023,0.754061758518219,0.4121022184914865
ไม่ใช่,"no, not right",ไม่+ใช่,2,2,0.78397519635237,0.8001416921615601,0.8212177709617963
บ่ายโมง,1 p.m.,บ่าย+โมง,2,2,0.7846556877004689,0.7853598806905477,0.8829798540316727
บ่ายโมง,1 p.m.,บ่าย+โมง,2,2,0.7846556877004689,0.7853598806905477,0.8829798540316727
พัดลม,fan,พัด+ลม,2,2,0.7865499084814666,0.6636505121559774,0.46228198397429004
พัดลม,fan,พัด+ลม,2,2,0.7865499084814666,0.6636505121559774,0.46228198397429004
ไม่เข้าใจ,do not understand,ไม่+เข้าใจ,2,2,0.786959343526039,0.903177797794342,0.6681986999816393
ไม่เข้าใจ,do not understand,ไม่+เข้าใจ,2,2,0.786959343526039,0.903177797794342,0.6681986999816393
รู้สึกดี,I feel good,รู้สึก+ดี,2,2,0.7880730057308848,0.8931686878204346,0.8801112854516275
กระเป๋าเงิน,wallet,กระเป๋า+เงิน,2,2,0.7890485242732028,0.7233736515045166,0.9000512636274367
กระเป๋าเงิน,wallet,กระเป๋า+เงิน,2,2,0.7890485242732028,0.7233736515045166,0.9000512636274367
ลาก่อนนะ,"goodbye, bye",ลาก่อน+นะ,2,2,0.7904000800173351,0.609890878200531,0.907162670599441
ด้วยกัน,together,ด้วย+กัน,2,2,0.7907688173366691,0.7985626459121704,0.641086315913044
ด้วยกัน,together,ด้วย+กัน,2,2,0.7907688173366691,0.7985626459121704,0.641086315913044
ไม่มี,"don't have, no, not have",ไม่+มี,2,2,0.794895838402758,0.7844068747051804,0.8829658559254651
เรียนภาษา,learn a language,เรียน+ภาษา,2,2,0.7949692203051859,0.8423433303833008,0.8352306723949311
ที่นั้น,there,ที่+นั้น,2,2,0.795934718654704,0.6358230113983154,0.8227874327757546
ที่นั้น,there,ที่+นั้น,2,2,0.795934718654704,0.6358230113983154,0.8227874327757546
ที่นั่น,there,ที่+นั่น,2,2,0.795934718654704,0.6358230113983154,0.8760056374677476
กะหล่ำปลี,cabbage,กะหล่ำ+ปลี,2,2,0.7969383005355749,0.6892549806389201,0.8815577655935601
ทิศทาง,direction,ทิศ+ทาง,2,2,0.7984678489069521,0.794954633111314,0.8448434692711599
ทิศทาง,direction,ทิศ+ทาง,2,2,0.7984678489069521,0.794954633111314,0.8448434692711599
ขอบคุณมาก,thank you very much,ขอบคุณ+มาก,2,2,0.8005127854638022,0.9207538366317749,0.8796645979766894
เลี้ยวขวา,turn right,เลี้ยว+ขวา,2,2,0.8024535659823201,0.7954400533962285,0.9187754762534136
เลี้ยวขวา,turn right,เลี้ยว+ขวา,2,2,0.8024535659823201,0.7954400533962285,0.9187754762534136
วันทำงาน,workday,วัน+ทำงาน,2,2,0.8042562891541403,0.9190806698251169,0.8555289341031757
วันทำงาน,workday,วัน+ทำงาน,2,2,0.8042562891541403,0.9190806698251169,0.8555289341031757
อยู่ที่,"live at, stay at",อยู่+ที่,2,2,0.8120402026686014,0.8244299574667081,0.8507872764305718
อาหารแห้ง,dried food,อาหาร+แห้ง,2,2,0.8125568436237948,0.8576631885377789,0.9085814522395099
อาหารแห้ง,dried food,อาหาร+แห้ง,2,2,0.8125568436237948,0.8576631885377789,0.9085814522395099
อันนี้,this one,อัน+นี้,2,2,0.8128157894037338,0.7872230283750908,0.8533820608487098
อันนี้,this one,อัน+นี้,2,2,0.8128157894037338,0.7872230283750908,0.8533820608487098
เล่นโยคะ,do yoga,เล่น+โยคะ,2,2,0.8136014798684196,0.9391500949859619,0.8970462920849497
กี่คน,how many people,กี่+คน,2,2,0.8139043707362672,0.9632007457733599,0.7919313837959587
ไม่มี,do not have; no,ไม่+มี,2,2,0.815068499136804,0.7925364026383873,0.8829658559254651
ขอบคุณมาก,thank you so much,ขอบคุณ+มาก,2,2,0.8154294701102717,0.9132829904556274,0.8796645979766894
สถานที่,place,สถาน+ที่,2,2,0.8172614038050725,0.6489477335152285,0.8887345240903354
สถานที่,place,สถาน+ที่,2,2,0.8172614038050725,0.6489477335152285,0.8887345240903354
สถานที่,place,สถาน+ที่,2,2,0.8172614038050725,0.6489477335152285,0.8887345240903354
นิดหน่อย,"a little bit, slightly",นิด+หน่อย,2,2,0.8202721156948939,0.8295719623565674,0.867639803335518
ไม่เคย,have never,ไม่+เคย,2,2,0.8223933794586465,0.8073609356499276,0.6875937001832853
เวลาว่าง,free time,เวลา+ว่าง,2,2,0.8230227448856374,0.8594565903816576,0.892463688837213
แตงกวา,cucumber,แตง+กวา,2,2,0.8235632760049482,0.8128701671516696,0.863934342922733
แตงกวา,cucumber,แตง+กวา,2,2,0.8235632760049482,0.8128701671516696,0.863934342922733
วันนี้,today,วัน+นี้,2,2,0.8244399017596059,0.87559639666059,0.7964363565272431
วันนี้,today,วัน+นี้,2,2,0.8244399017596059,0.87559639666059,0.7964363565272431
ฟังเพลง,listen to music,ฟัง+เพลง,2,2,0.8248859923431542,0.8974596384215786,0.9411943748301755
เล่นเปียโน,play piano,เล่น+เปียโน,2,2,0.8284057691791065,0.9376649856567383,0.7804411242011948
น้ำเปล่า,water,น้ำ+เปล่า,2,2,0.8297015779073715,0.8030071258544922,0.747824494523739
ดูฟุตบอล,watch football,ดู+ฟุตบอล,2,2,0.8299327107005142,0.8289509211720105,0.8457542942815757
เลี้ยวซ้าย,turn left,เลี้ยว+ซ้าย,2,2,0.8332582107841194,0.7932017322302897,0.9378065685895969
เลี้ยวซ้าย,turn left,เลี้ยว+ซ้าย,2,2,0.8332582107841194,0.7932017322302897,0.9378065685895969
ว่ายน้ำ,to swim,ว่าย+น้ำ,2,2,0.8368602249513483,0.8404402041697624,0.6969704920636252
ไม่ถูกต้อง,incorrect,ไม่+ถูกต้อง,2,2,0.8386489963628454,0.7771856519205128,0.700579872808777
ร้านกาแฟ,coffee shop,ร้าน+กาแฟ,2,2,0.8399607303201544,0.8819430400099182,0.8671796101511527
ทางนั้น,that way,ทาง+นั้น,2,2,0.8442627079266457,0.7254093125706501,0.8647293774662607
ทางนั้น,that way,ทาง+นั้น,2,2,0.8442627079266457,0.7254093125706501,0.8647293774662607
ดีดี,"good, not bad",ดี+ดี,2,2,0.8453460243550553,0.8789896820771284,0.9867231830028479
ประเทศไทย,Thailand,ประเทศ+ไทย,2,2,0.8455960536875634,0.9518069567450199,0.7535955356469064
ประเทศไทย,Thailand,ประเทศ+ไทย,2,2,0.8455960536875634,0.9518069567450199,0.7535955356469064
กุมภาพันธ์,February,กุมภา+พันธ์,2,2,0.8466038387023508,0.8793888616197623,0.7512674195693814
กุมภาพันธ์,February,กุมภา+พันธ์,2,2,0.8466038387023508,0.8793888616197623,0.7512674195693814
เตียงเดี่ยว,single bed,เตียง+เดี่ยว,2,2,0.8472393388985906,0.9522117943889972,0.7213768519016126
เรียกว่า,"call, to call",เรียก+ว่า,2,2,0.8477652781415642,0.7852205974126546,0.8687399619392251
สีส้ม,orange,สี+ส้ม,2,2,0.8483563086069716,0.8423362970352173,0.8919503379943599
เจอกัน,"to see each other, to meet",เจอ+กัน,2,2,0.8487808744726578,0.896620512008667,0.6998013784781765
ข้าวโพด,corn,ข้าว+โพด,2,2,0.8525189163748244,0.8247991904736106,0.6284719535056331
ข้าวโพด,corn,ข้าว+โพด,2,2,0.8525189163748244,0.8247991904736106,0.6284719535056331
ฤดูฝน,rainy season,ฤดู+ฝน,2,2,0.8533354696542942,0.9566504929453429,0.9272206312539717
ฤดูฝน,rainy season,ฤดู+ฝน,2,2,0.8533354696542942,0.9566504929453429,0.9272206312539717
รถบัส,bus,รถ+บัส,2,2,0.8536380985151802,0.9037624597549438,0.3405664600197246
รถบัส,bus,รถ+บัส,2,2,0.8536380985151802,0.9037624597549438,0.3405664600197246
ทางนี้,this way,ทาง+นี้,2,2,0.8537903381539351,0.7765958905220032,0.9070735653651548
ทางนี้,this way,ทาง+นี้,2,2,0.8537903381539351,0.7765958905220032,0.9070735653651548
อันนั้น,that one,อัน+นั้น,2,2,0.8556377801679241,0.8216311825294007,0.8524756105296862
อันนั้น,that one,อัน+นั้น,2,2,0.8556377801679241,0.8216311825294007,0.8524756105296862
รู้สึกดี,feel good,รู้สึก+ดี,2,2,0.8564364558276121,0.9271432161331177,0.8801112854516275
มาจาก,come from,มา+จาก,2,2,0.8574832473568427,0.9473758245782471,0.8461171142968238
มาจาก,come from,มา+จาก,2,2,0.8574832473568427,0.9473758245782471,0.8461171142968238
มาจาก,come from,มา+จาก,2,2,0.8574832473568427,0.9473758245782471,0.8461171142968238
ชั่วโมง,hour,ชั่ว+โมง,2,2,0.85977939515717,0.9268103241920471,0.6573945203178847
ชั่วโมง,hour,ชั่ว+โมง,2,2,0.85977939515717,0.9268103241920471,0.6573945203178847
สีเขียว,green,สี+เขียว,2,2,0.8628118717437406,0.803001880645752,0.8720396810455616
ทำงาน,to work,ทำ+งาน,2,2,0.8668230621871408,0.8216517461330739,0.9474415792168785
ทำงาน,to work,ทำ+งาน,2,2,0.8668230621871408,0.8216517461330739,0.9474415792168785
สีขาว,white,สี+ขาว,2,2,0.868222558079904,0.7784730195999146,0.889545602964439
วันที่แล้ว,"previous day, ago",วัน+ที่แล้ว,2,2,0.8723179822344348,0.9400842189788818,0.7754420065742955
ฤดูหนาว,winter,ฤดู+หนาว,2,2,0.8726360661285644,0.8523196490001469,0.8258578741347931
ฤดูหนาว,winter,ฤดู+หนาว,2,2,0.8726360661285644,0.8523196490001469,0.8258578741347931
ตัวเลขไทย,Thai numbers,ตัวเลข+ไทย,2,2,0.8728471284300623,0.9531324449935457,0.9537711806767558
วันปีใหม่,New Year's Day,วัน+ปีใหม่,2,2,0.8788819208376638,0.9712992872356518,0.8825796339482385
เล่นฟุตบอล,play football,เล่น+ฟุตบอล,2,2,0.8812316270267745,0.9068333451052514,0.8800598100511112
วันพุธ,Wednesday,วัน+พุธ,2,2,0.8842508349528411,0.8866539001464844,0.7604516515730635
วันพุธ,Wednesday,วัน+พุธ,2,2,0.8842508349528411,0.8866539001464844,0.7604516515730635
วันเสาร์,Saturday,วัน+เสาร์,2,2,0.8851594245018807,0.9141612751291662,0.8287173187732119
วันเสาร์,Saturday,วัน+เสาร์,2,2,0.8851594245018807,0.9141612751291662,0.8287173187732119
วันปีใหม่,New Year's day,วัน+ปีใหม่,2,2,0.8859253403869415,0.9765003323554993,0.8825796339482385
สีม่วง,purple,สี+ม่วง,2,2,0.8924184237614998,0.8833417822922338,0.9145064785405396
วันอังคาร,Tuesday,วัน+อังคาร,2,2,0.893231346140988,0.8981072306632996,0.5664302364472271
วันอังคาร,Tuesday,วัน+อังคาร,2,2,0.893231346140988,0.8981072306632996,0.5664302364472271
อาหารไทย,Thai food,อาหาร+ไทย,2,2,0.9041578266450551,0.9959226248218194,0.9627798549434042
อาหารไทย,Thai food,อาหาร+ไทย,2,2,0.9041578266450551,0.9959226248218194,0.9627798549434042
นิดหน่อย,little bit,นิด+หน่อย,2,2,0.9046887989367509,0.8327661752700806,0.867639803335518
ว่ายน้ำ,swimming,ว่าย+น้ำ,2,2,0.9054905875777431,0.8960331020374955,0.6969704920636252
วันศุกร์,Friday,วัน+ศุกร์,2,2,0.9055589449630504,0.9258009791374207,0.8172506067424625
วันศุกร์,Friday,วัน+ศุกร์,2,2,0.9055589449630504,0.9258009791374207,0.8172506067424625
จ่ายเงิน,to pay money,จ่าย+เงิน,2,2,0.9070442013457114,1.0000000596046483,0.94912109439822
จ่ายเงิน,to pay,จ่าย+เงิน,2,2,0.910624649040202,0.9262422875310354,0.94912109439822
ไปด้วยกัน,go together,ไป+ด้วยกัน,2,2,0.9131497263410796,0.9408303499221802,0.9316734903094441
บัตรเครดิต,credit card,บัตร+เครดิต,2,2,0.9165466632791783,0.9812853954690224,0.9066024557142061
บัตรเครดิต,credit card,บัตร+เครดิต,2,2,0.9165466632791783,0.9812853954690224,0.9066024557142061
วันจันทร์,Monday,วัน+จันทร์,2,2,0.9174876632496497,0.9193675421914476,0.49269226998362026
วันจันทร์,Monday,วัน+จันทร์,2,2,0.9174876632496497,0.9193675421914476,0.49269226998362026
กาแฟร้อน,hot coffee,กาแฟ+ร้อน,2,2,0.9184634603317704,0.9880183935165405,0.8627595127584984
กาแฟร้อน,hot coffee,กาแฟ+ร้อน,2,2,0.9184634603317704,0.9880183935165405,0.8627595127584984
โชคดี,good luck,โชค+ดี,2,2,0.9201187367440262,0.9852582785948943,0.9565220467380986
น้ำพุร้อน,hot spring,น้ำพุ+ร้อน,2,2,0.9237996871147989,0.9872563481330872,0.9105268941307159
น้ำพุร้อน,hot spring,น้ำพุ+ร้อน,2,2,0.9237996871147989,0.9872563481330872,0.9105268941307159
น้ำพุร้อน,hot spring,น้ำพุ+ร้อน,2,2,0.9237996871147989,0.9872563481330872,0.9105268941307159
น้ำพุร้อน,hot spring,น้ำพุ+ร้อน,2,2,0.9237996871147989,0.9872563481330872,0.9105268941307159
เจอกัน,"see each other, meet",เจอ+กัน,2,2,0.9244361286459264,0.9664758443832397,0.6998013784781765
ภาษาไทย,Thai language,ภาษา+ไทย,2,2,0.9285461750618608,0.9985425472259521,0.7779496728650478
ชาเขียว,green tea,ชา+เขียว,2,2,0.9289428270039091,0.9798611986554383,0.929356617149604
ชาเขียว,green tea,ชา+เขียว,2,2,0.9289428270039091,0.9798611986554383,0.929356617149604
ร้องไห้,to cry,ร้อง+ไห้,2,2,0.9308728166214969,0.8752807974815369,0.7302202032360076
แตงโม,watermelon,แตง+โม,2,2,0.9314610484918168,0.9644852834326366,0.7700079775398532
แตงโม,watermelon,แตง+โม,2,2,0.9314610484918168,0.9644852834326366,0.7700079775398532
